

SET NAMES utf8;
SET FOREIGN_KEY_CHECKS = 0;

-- ----------------------------
--  Table structure for `activity`
-- ----------------------------
DROP TABLE IF EXISTS `activity`;
CREATE TABLE `activity` (
  `id` int(11) NOT NULL AUTO_INCREMENT,
  `type` tinyint(4) NOT NULL DEFAULT '0' COMMENT '类型',
  `org_id` int(11) NOT NULL DEFAULT '0' COMMENT '所属机构',
  `admin_id` int(11) NOT NULL DEFAULT '0' COMMENT '管理员',
  `active` tinyint(4) NOT NULL DEFAULT '0' COMMENT '状态 0.未启用 1.启用 9. 禁用',
  `name` varchar(255) DEFAULT NULL,
  `title` varchar(255) DEFAULT NULL,
  `description` varchar(255) DEFAULT NULL,
  `content` text,
  `cover_pic` varchar(255) DEFAULT NULL COMMENT '封面图片',
  `start_time` int(11) DEFAULT '0',
  `end_time` int(11) DEFAULT '0',
  `is_apply` tinyint(4) NOT NULL DEFAULT '0' COMMENT '是否报名 0.没有报名 1.报名',
  `apply_start_time` int(11) DEFAULT NULL COMMENT '报名开始时间',
  `apply_end_time` int(11) DEFAULT NULL COMMENT '报名结束时间',
  `is_sign` tinyint(4) NOT NULL DEFAULT '0' COMMENT '是否签到 0.不签到 1.签到',
  `sign_type` tinyint(4) DEFAULT '0' COMMENT '0.无 1.所有人可签到 2.报名者可签到',
  `sign_start_time` int(11) DEFAULT NULL COMMENT '签到开始时间',
  `sign_end_time` int(11) DEFAULT NULL COMMENT '签到结束时间',
  `visit_num` int(11) NOT NULL DEFAULT '0',
  `created_at` int(11) DEFAULT NULL,
  `updated_at` int(11) DEFAULT NULL,
  PRIMARY KEY (`id`)
) ENGINE=InnoDB AUTO_INCREMENT=9 DEFAULT CHARSET=utf8 COMMENT='活动表';

-- ----------------------------
--  Records of `activity`
-- ----------------------------
BEGIN;
INSERT INTO `activity` VALUES ('1', '0', '1', '1', '1', '活动1', '活动1', '描述1', '<p>活动详情</p><p>1</p><p>2</p><p>3</p><p>4</p><p>5</p><p>6</p><p>7</p>', null, '1509501600', '1509793200', '0', null, null, '0', '0', null, null, '40', '1506169971', '1510246712'), ('2', '0', '2', '2', '0', '活动1', '活动1', '描述1', '<p>活动1详情</p><p>1</p><p>2</p><p>3</p><p>4</p><p>5</p><p>6</p>', null, '0', '0', '0', null, null, '0', '0', null, null, '0', '1506340200', '1508390889'), ('3', '0', '1', '1', '0', '活动2', '活动2', '描述2', '<p>活动详情</p><p>1</p><p>2</p><p>3</p><p>4</p><p>5</p><p>6</p><p>7</p>', null, '0', '0', '0', null, null, '0', '0', null, null, '5', '1507742102', '1511409055'), ('4', '0', '1', '1', '0', '2', '2', '1', null, null, '1511445060', '1511445300', '0', null, null, '0', '0', null, null, '9', '1511442812', '1511518946'), ('5', '0', '1', '1', '0', '报名测试', '报名测试', '1', '<p>1</p><p>2</p><p>3</p><p>4</p><p>5</p><p>6</p>', null, '1511445060', '1511445300', '1', '1510750920', '1512047100', '1', '0', '1510667160', '1512049860', '45', '1511442955', '1511518867'), ('6', '0', '1', '1', '0', '321', '321', '321', null, null, '1510666380', '1511357760', '0', null, null, '0', '0', null, null, '4', '1511442999', '1511450206'), ('7', '0', '1', '1', '0', 'test', 'testf', 'test', '<p>test</p><p>1</p><p>2</p><p>3</p><p>4</p><p>5</p><p>6</p><p>test</p>', null, '1510152780', '1511881080', '1', '1511535120', '1511794440', '1', '1', '1510755180', '1512051360', '49', '1511618753', '1511673467'), ('8', '0', '1', '1', '0', '1', '1', '1', null, 'org/1/unique/activities/cover_activity_7f0ada.jpg', '1512190740', '1513224180', '0', null, null, '0', '0', null, null, '0', '1512188166', '1512188166');
COMMIT;

-- ----------------------------
--  Table structure for `administrator`
-- ----------------------------
DROP TABLE IF EXISTS `administrator`;
CREATE TABLE `administrator` (
  `id` int(11) NOT NULL AUTO_INCREMENT,
  `org_id` int(11) NOT NULL,
  `type` tinyint(4) NOT NULL DEFAULT '0' COMMENT '管理员类型 0 超级管理员',
  `role_id` int(11) NOT NULL,
  `mobile` varchar(11) DEFAULT NULL,
  `email` varchar(255) DEFAULT NULL,
  `password` varchar(155) DEFAULT NULL,
  `nickname` varchar(64) DEFAULT NULL,
  `truename` varchar(64) DEFAULT NULL,
  `created_at` int(11) DEFAULT NULL,
  `updated_at` int(11) DEFAULT NULL,
  `remember_token` varchar(100) DEFAULT NULL,
  PRIMARY KEY (`id`),
  UNIQUE KEY `administrator_email_unique` (`email`) USING BTREE
) ENGINE=InnoDB AUTO_INCREMENT=3 DEFAULT CHARSET=utf8 COMMENT='管理员表';

-- ----------------------------
--  Records of `administrator`
-- ----------------------------
BEGIN;
INSERT INTO `administrator` VALUES ('1', '1', '0', '1', '15800689433', 'longyun.cui88@gmail.com', '$2y$10$Aqu.dd890ZVA0CasV1Zk0OmWjlyqhFVg3pE1jc5XxMLskq2EIIEM2', 'longyun', '崔龙云', null, null, 'yihL5oJ6KwvYr8Ad3sG3beIR8QOhpgn5gnvVw4MuCWSqZjfYNJ5gxfs19EVo'), ('2', '2', '0', '2', '15800689433', 'longyun-cui@163.com', '$2y$10$Aqu.dd890ZVA0CasV1Zk0OmWjlyqhFVg3pE1jc5XxMLskq2EIIEM2', 'longyun163', '龙云', null, null, '8GGTpjMyhOoBRY5Oz8Ki2V1rlaW52c4ghhsSOh96kdGHGTGdsNY6PUzsIDkH');
COMMIT;

-- ----------------------------
--  Table structure for `answer`
-- ----------------------------
DROP TABLE IF EXISTS `answer`;
CREATE TABLE `answer` (
  `id` int(11) NOT NULL AUTO_INCREMENT,
  `type` tinyint(4) NOT NULL DEFAULT '0' COMMENT '1.survey 2.slide',
  `user_id` int(11) NOT NULL DEFAULT '0',
  `survey_id` int(11) NOT NULL,
  `slide_id` int(11) NOT NULL DEFAULT '0',
  `page_id` int(11) NOT NULL,
  `created_at` int(11) DEFAULT NULL,
  `updated_at` int(11) DEFAULT NULL,
  PRIMARY KEY (`id`)
) ENGINE=InnoDB AUTO_INCREMENT=46 DEFAULT CHARSET=utf8 ROW_FORMAT=COMPACT COMMENT='调研-提交表';

-- ----------------------------
--  Records of `answer`
-- ----------------------------
BEGIN;
INSERT INTO `answer` VALUES ('39', '1', '0', '2', '0', '0', '1509028590', '1509028590'), ('40', '1', '0', '2', '0', '0', '1509064888', '1509064888'), ('41', '1', '0', '2', '0', '0', '1509081968', '1509081968'), ('42', '1', '0', '2', '0', '0', '1509435560', '1509435560'), ('43', '1', '0', '2', '0', '0', '1509435592', '1509435592'), ('44', '1', '0', '2', '0', '0', '1509435603', '1509435603'), ('45', '1', '0', '2', '0', '0', '1510245802', '1510245802');
COMMIT;

-- ----------------------------
--  Table structure for `apply`
-- ----------------------------
DROP TABLE IF EXISTS `apply`;
CREATE TABLE `apply` (
  `id` int(11) NOT NULL AUTO_INCREMENT,
  `type` tinyint(4) NOT NULL DEFAULT '0' COMMENT '0. 非注册用户 1.注册用户',
  `activity_id` int(11) NOT NULL DEFAULT '0' COMMENT '活动id',
  `user_id` int(11) NOT NULL DEFAULT '0' COMMENT '注册用户id',
  `name` varchar(32) DEFAULT NULL COMMENT '报名姓名',
  `mobile` varchar(11) DEFAULT NULL COMMENT '非注册用户 手机',
  `created_at` int(11) DEFAULT NULL,
  `updated_at` int(11) DEFAULT NULL,
  PRIMARY KEY (`id`)
) ENGINE=InnoDB AUTO_INCREMENT=2 DEFAULT CHARSET=utf8 COMMENT='活动报名表';

-- ----------------------------
--  Records of `apply`
-- ----------------------------
BEGIN;
INSERT INTO `apply` VALUES ('1', '1', '7', '0', '张三', '13111110000', '1511664480', '1511664480');
COMMIT;

-- ----------------------------
--  Table structure for `article`
-- ----------------------------
DROP TABLE IF EXISTS `article`;
CREATE TABLE `article` (
  `id` int(11) NOT NULL AUTO_INCREMENT,
  `type` tinyint(4) NOT NULL DEFAULT '0' COMMENT '类型',
  `org_id` int(11) NOT NULL DEFAULT '0' COMMENT '所属机构',
  `admin_id` int(11) NOT NULL DEFAULT '0' COMMENT '管理员',
  `active` tinyint(4) NOT NULL DEFAULT '0' COMMENT '状态 0.未启用 1.启用 9. 禁用',
  `name` varchar(255) DEFAULT NULL,
  `title` varchar(255) DEFAULT NULL,
  `description` varchar(255) DEFAULT NULL,
  `content` text,
  `cover_pic` varchar(255) DEFAULT NULL COMMENT '封面图片',
  `visit_num` int(11) NOT NULL DEFAULT '0',
  `created_at` int(11) DEFAULT NULL,
  `updated_at` int(11) DEFAULT NULL,
  PRIMARY KEY (`id`)
) ENGINE=InnoDB AUTO_INCREMENT=13 DEFAULT CHARSET=utf8 ROW_FORMAT=COMPACT COMMENT='活动表';

-- ----------------------------
--  Records of `article`
-- ----------------------------
BEGIN;
INSERT INTO `article` VALUES ('1', '0', '1', '1', '0', '中华医学会第十四次全国白血病·淋巴瘤学术会议', '中华医学会第十四次全国白血病·淋巴瘤学术会议', '描述1111', '<p style=\"text-align: center;\"><br/></p><p style=\"text-align: center;\"><img src=\"http://7n.medsci.cn/uploads/ueditor/php/upload/image/20170818/1503043458806450.png\" title=\"1503043458806450.png\" alt=\"image.png\" width=\"600\" height=\"130\"/></p><p><br/></p><p style=\"line-height: 1.75em;\">&nbsp; &nbsp; &nbsp;中华医学会第十四次全国白血病·淋巴瘤学术会议于2017年7月13日-7月15日在哈尔滨市举办。会议由中华医学会、中华医学会血液学分会主办，哈尔滨血液病肿瘤研究所、中国医学科学院血液病医院、北京大学血液病研究所、苏州大学附属第一医院血研所、北京白求恩公益基金会协办。有来自国内外著名学者就白血病及淋巴瘤、骨髓瘤等领域相关基础及临床做专题报告；美国、欧洲、日本等学者对白血病、淋巴瘤、骨髓瘤、造血干细胞移植、MDS及MPN进行了专题研讨；分为白血病、淋巴瘤、骨髓瘤、恶性血液病的免疫治疗、造血干细胞移植、MDS及MPN等专场进行学术论文交流。</p><p style=\"line-height: 1.75em;\">&nbsp; &nbsp; &nbsp; &nbsp;中华医学会王大方副秘书长致辞时表示，此次会议将对白血病和淋巴瘤的临床热点及难点进行全方位、深层次和多角度讨论，为进一步提高我国血液病防治水平做出新的更大贡献，为改善全民健康水平发挥了极其重大的作用。</p><p style=\"line-height: 1.75em;\"><br/></p><p style=\"line-height: 1.75em;\"><br/></p><p style=\"font-size: 14px; line-height: normal;\"><strong><span style=\"font-size: 16px;\"></span></strong></p><p style=\"white-space: normal; font-size: 14px; line-height: normal; text-align: center;\"><span style=\"font-size: 16px;\"><strong>如需了解更多淋巴瘤的前沿信息<span style=\"line-height: normal;\">&nbsp;</span>请扫描二维码访问<span style=\"line-height: normal;\">“</span>淋巴瘤亿刻<span style=\"line-height: normal;\">”</span>网站。</strong></span></p><p style=\"white-space: normal; text-align: center;\"><img src=\"http://image.135editor.com/files/users/286/2865052/201708/VzeRSUnA_kKgB.png\" alt=\"WechatIMG1466.png\"/></p><p><br/></p>', null, '3', '1506243480', '1510186945'), ('2', '0', '1', '1', '0', '2017天津How I Treat和淋巴瘤转化医学国际研讨会', '2017天津How I Treat和淋巴瘤转化医学国际研讨会', '描述2', '<p style=\"white-space: normal; text-align: center; line-height: 1.75em;\"><br/></p><p style=\"white-space: normal; line-height: 1.75em;\"><img src=\"http://image.135editor.com/files/users/162/1625396/201708/GbPeBZPf_xSp9.png\" alt=\"15018096601201.png\"/></p><p style=\"white-space: normal; line-height: 1.75em;\">&nbsp; &nbsp; &nbsp;</p><p style=\"white-space: normal; line-height: 1.75em; text-indent: 2em;\">2017年8月19~20日，由天津市抗癌协会淋巴瘤专业委员会、天津市抗衰老学会主办，天津医科大学肿瘤医院、中美淋巴血液肿瘤诊治中心和《中国肿瘤临床》与《Cancer Biology &amp; Medicine》杂志社共同承办的2017天津How I Treat和淋巴瘤转化医学国际研讨会将在天津凯悦酒店隆重举行。</p><p style=\"white-space: normal; line-height: 1.75em; text-indent: 2em;\">刚刚结束不久的Lugano国际淋巴瘤大会(ICML)，美国临床肿瘤学大会（ASCO），欧洲血液学协会年会(EHA)等国际著名学术会议上淋巴瘤的研究成果层出不穷，本届会议以“为淋巴瘤医师提供兼具专业性和实用性的基础及临床科研前沿”为宗旨，围绕淋巴瘤的&quot;How I Treat&quot;和转化医学两个主题进行学术报告和讨论，分享国内外淋巴瘤诊治的新进展、新理念、新方法。</p><p style=\"white-space: normal; line-height: 1.75em; text-indent: 0em;\"><strong style=\"text-indent: 2em;\"><br/></strong></p><p style=\"white-space: normal; line-height: 1.75em; text-indent: 0em;\"><strong>大会主席：张会来教授，孟斌教授</strong></p><p style=\"white-space: normal; line-height: 1.75em; text-indent: 0em;\"><strong>会议时间：8月19~20日</strong></p><p style=\"white-space: normal; line-height: 1.75em; text-indent: 0em;\"><strong>会议地点：天津凯悦酒店</strong></p><p style=\"white-space: normal; line-height: 1.75em; text-indent: 0em;\"><strong>会议日程：</strong></p><p style=\"white-space: normal; line-height: 1.75em; text-align: center;\"><img src=\"http://7n.medsci.cn/uploads/ueditor/php/upload/image/20170818/1503059029858553.jpeg\" title=\"1503059029858553.jpeg\" alt=\"天津11.jpg\"/><br/></p><p style=\"font-size: 13px; line-height: normal;\"><strong><span style=\"color: rgb(85, 85, 85);\"></span></strong></p><p style=\"font-size: 14px; line-height: normal;\"><span style=\"font-size: 16px;\"><strong><br/></strong></span></p><p style=\"font-size: 14px; line-height: normal;\"><span style=\"font-size: 16px;\"><strong><br/></strong></span></p><p style=\"font-size: 14px; line-height: normal; text-align: center;\"><span style=\"font-size: 16px;\"><strong>如需了解更多淋巴瘤的前沿信息<span style=\"line-height: normal;\"> </span>请扫描二维码访问<span style=\"line-height: normal;\">“</span>淋巴瘤亿刻<span style=\"line-height: normal;\">”</span>网站。</strong></span></p><p style=\"text-align: center;\"><img src=\"http://image.135editor.com/files/users/286/2865052/201708/VzeRSUnA_kKgB.png\" alt=\"WechatIMG1466.png\"/></p><p style=\"white-space: normal; line-height: 1.75em;\"><br/></p>', 'org/1/unique/cover_article_a20042.jpg', '29', '1506243626', '1512147735'), ('3', '0', '1', '1', '0', '文章3', '文章3的标题', '描述3', '<p><img src=\"http://res.cdn.bioon.com/application/live/cover_picture/2017/09/21/c5785df23d91993bf40486ba55710ca4.jpg\"/></p>', null, '0', '1506243697', '1506526136'), ('4', '0', '2', '2', '0', '文章1', '文章1', '描述1', '<p>文章1详情</p><p>1</p><p>2</p><p>3</p><p>4</p><p>5</p><p>6</p>', null, '0', '1506340164', '1508390971'), ('5', '0', '1', '1', '9', '文章4', '文章4', '描述4', '<p>这是内容详情</p><p>1</p><p>2</p><p>3</p><p>4</p><p>5</p><p>6</p>', null, '1', '1507745817', '1510023291'), ('12', '0', '1', '1', '0', '1', null, null, null, 'org/1/unique/articles/cover_article_7a0301fc.jpg', '0', '1512186988', '1512186988');
COMMIT;

-- ----------------------------
--  Table structure for `choice`
-- ----------------------------
DROP TABLE IF EXISTS `choice`;
CREATE TABLE `choice` (
  `id` int(11) NOT NULL AUTO_INCREMENT,
  `type` tinyint(4) NOT NULL DEFAULT '0',
  `answer_id` int(11) NOT NULL DEFAULT '0',
  `question_id` int(11) NOT NULL DEFAULT '0',
  `option_id` int(11) NOT NULL,
  `text` varchar(256) NOT NULL,
  `created_at` int(11) DEFAULT NULL,
  `updated_at` int(11) DEFAULT NULL,
  PRIMARY KEY (`id`)
) ENGINE=InnoDB AUTO_INCREMENT=181 DEFAULT CHARSET=utf8 ROW_FORMAT=COMPACT COMMENT='调研-回答选项表';

-- ----------------------------
--  Records of `choice`
-- ----------------------------
BEGIN;
INSERT INTO `choice` VALUES ('126', '0', '37', '1016', '0', '1', '1508991356', '1508991356'), ('127', '0', '37', '1017', '0', '2', '1508991356', '1508991356'), ('128', '0', '37', '1018', '35', '', '1508991356', '1508991356'), ('129', '0', '37', '1019', '38', '', '1508991356', '1508991356'), ('130', '0', '37', '1020', '42', '', '1508991356', '1508991356'), ('131', '0', '38', '1016', '0', '3', '1508991365', '1508991365'), ('132', '0', '38', '1017', '0', '4', '1508991365', '1508991365'), ('133', '0', '38', '1018', '36', '', '1508991365', '1508991365'), ('134', '0', '38', '1019', '39', '', '1508991365', '1508991365'), ('135', '0', '38', '1020', '42', '', '1508991365', '1508991365'), ('136', '0', '38', '1020', '43', '', '1508991365', '1508991365'), ('137', '0', '39', '1016', '0', '1', '1509028590', '1509028590'), ('138', '0', '39', '1017', '0', '2', '1509028590', '1509028590'), ('139', '0', '39', '1018', '35', '', '1509028590', '1509028590'), ('140', '0', '39', '1019', '38', '', '1509028590', '1509028590'), ('141', '0', '39', '1020', '42', '', '1509028590', '1509028590'), ('142', '0', '40', '1016', '0', '3', '1509064888', '1509064888'), ('143', '0', '40', '1017', '0', '4', '1509064888', '1509064888'), ('144', '0', '40', '1018', '36', '', '1509064888', '1509064888'), ('145', '0', '40', '1019', '40', '', '1509064888', '1509064888'), ('146', '0', '40', '1020', '44', '', '1509064888', '1509064888'), ('147', '0', '41', '1016', '0', '123', '1509081968', '1509081968'), ('148', '0', '41', '1017', '0', '123', '1509081968', '1509081968'), ('149', '0', '41', '1018', '35', '', '1509081968', '1509081968'), ('150', '0', '41', '1019', '40', '', '1509081968', '1509081968'), ('151', '0', '41', '1020', '42', '', '1509081968', '1509081968'), ('152', '0', '41', '1020', '43', '', '1509081968', '1509081968'), ('153', '0', '41', '1020', '44', '', '1509081968', '1509081968'), ('154', '0', '42', '1016', '0', '你好', '1509435560', '1509435560'), ('155', '0', '42', '1017', '0', '我很好', '1509435560', '1509435560'), ('156', '0', '42', '1018', '37', '', '1509435560', '1509435560'), ('157', '0', '42', '1019', '41', '', '1509435560', '1509435560'), ('158', '0', '42', '1020', '42', '', '1509435560', '1509435560'), ('159', '0', '42', '1020', '43', '', '1509435560', '1509435560'), ('160', '0', '42', '1020', '44', '', '1509435560', '1509435560'), ('161', '0', '42', '1020', '45', '', '1509435560', '1509435560'), ('162', '0', '43', '1016', '0', '123123123', '1509435592', '1509435592'), ('163', '0', '43', '1017', '0', '123', '1509435592', '1509435592'), ('164', '0', '43', '1018', '36', '', '1509435592', '1509435592'), ('165', '0', '43', '1019', '39', '', '1509435592', '1509435592'), ('166', '0', '43', '1020', '42', '', '1509435592', '1509435592'), ('167', '0', '43', '1020', '43', '', '1509435592', '1509435592'), ('168', '0', '44', '1016', '0', '1', '1509435603', '1509435603'), ('169', '0', '44', '1017', '0', '1', '1509435603', '1509435603'), ('170', '0', '44', '1018', '35', '', '1509435603', '1509435603'), ('171', '0', '44', '1019', '39', '', '1509435603', '1509435603'), ('172', '0', '44', '1020', '42', '', '1509435603', '1509435603'), ('173', '0', '44', '1020', '43', '', '1509435603', '1509435603'), ('174', '0', '45', '1020', '42', '', '1510245802', '1510245802'), ('175', '0', '45', '1020', '43', '', '1510245802', '1510245802'), ('176', '0', '45', '1017', '0', '123', '1510245802', '1510245802'), ('177', '0', '45', '1018', '37', '', '1510245802', '1510245802'), ('178', '0', '45', '1021', '47', '', '1510245802', '1510245802'), ('179', '0', '45', '1016', '0', '1', '1510245802', '1510245802'), ('180', '0', '45', '1019', '39', '', '1510245802', '1510245802');
COMMIT;

-- ----------------------------
--  Table structure for `menu`
-- ----------------------------
DROP TABLE IF EXISTS `menu`;
CREATE TABLE `menu` (
  `id` int(11) NOT NULL AUTO_INCREMENT,
  `type` tinyint(4) NOT NULL DEFAULT '0' COMMENT '类型',
  `org_id` int(11) NOT NULL DEFAULT '0' COMMENT '所属机构',
  `admin_id` int(11) NOT NULL DEFAULT '0' COMMENT '管理员',
  `name` varchar(255) DEFAULT NULL,
  `title` varchar(255) DEFAULT NULL,
  `description` varchar(255) DEFAULT NULL,
  `content` text,
  `created_at` int(11) DEFAULT NULL,
  `updated_at` int(11) DEFAULT NULL,
  PRIMARY KEY (`id`)
) ENGINE=InnoDB AUTO_INCREMENT=9 DEFAULT CHARSET=utf8 ROW_FORMAT=DYNAMIC COMMENT='产品目录表';

-- ----------------------------
--  Records of `menu`
-- ----------------------------
BEGIN;
INSERT INTO `menu` VALUES ('1', '0', '1', '1', '目录1', '目录1', '描述1', '内容1', '1506149860', '1506150122'), ('2', '0', '1', '1', '目录2', '目录2', '描述2', '内容2', '1506150151', '1506150446'), ('3', '0', '1', '1', '目录3', '目录3', '描述3', '内容3', '1506151005', '1506151005'), ('4', '0', '1', '1', '产品目录4', '产品目录4', '描述4', null, '1506151078', '1506151839'), ('5', '0', '1', '1', '产品目录5', '产品目录5', '描述5', null, '1506151823', '1507560612'), ('6', '0', '1', '1', '产品目录6', '产品目录6', '描述6', null, '1506168455', '1506226471'), ('7', '0', '2', '2', '产品目录1', '产品目录1', null, null, '1506339322', '1506339322'), ('8', '0', '1', '1', '产品目录7', null, '描述7', null, '1507742073', '1507742083');
COMMIT;

-- ----------------------------
--  Table structure for `migrations`
-- ----------------------------
DROP TABLE IF EXISTS `migrations`;
CREATE TABLE `migrations` (
  `id` int(10) unsigned NOT NULL AUTO_INCREMENT,
  `migration` varchar(255) NOT NULL,
  `batch` int(11) NOT NULL,
  PRIMARY KEY (`id`)
) ENGINE=MyISAM AUTO_INCREMENT=3 DEFAULT CHARSET=utf8;

-- ----------------------------
--  Records of `migrations`
-- ----------------------------
BEGIN;
INSERT INTO `migrations` VALUES ('1', '2014_10_12_000000_create_users_table', '1'), ('2', '2014_10_12_100000_create_password_resets_table', '1');
COMMIT;

-- ----------------------------
--  Table structure for `option`
-- ----------------------------
DROP TABLE IF EXISTS `option`;
CREATE TABLE `option` (
  `id` int(11) NOT NULL AUTO_INCREMENT,
  `type` tinyint(4) NOT NULL DEFAULT '0' COMMENT '类型',
  `org_id` int(11) NOT NULL DEFAULT '0' COMMENT '机构id',
  `admin_id` int(11) NOT NULL DEFAULT '0' COMMENT '管理员id',
  `survey_id` int(11) NOT NULL DEFAULT '0' COMMENT '调研问卷id',
  `question_id` int(11) NOT NULL DEFAULT '0' COMMENT '问题id',
  `name` varchar(255) DEFAULT NULL,
  `title` varchar(255) DEFAULT NULL,
  `description` varchar(255) DEFAULT NULL,
  `created_at` int(11) DEFAULT NULL,
  `updated_at` int(11) DEFAULT NULL,
  PRIMARY KEY (`id`)
) ENGINE=InnoDB AUTO_INCREMENT=162 DEFAULT CHARSET=utf8 ROW_FORMAT=FIXED COMMENT='调研问题选项表';

-- ----------------------------
--  Records of `option`
-- ----------------------------
BEGIN;
INSERT INTO `option` VALUES ('1', '1', '0', '0', '0', '1003', '1', '选项 1', '1', '1', '1'), ('2', '1', '0', '0', '0', '1003', '2', '选项 2', '2', '1', '2'), ('3', '0', '0', '0', '0', '1003', '3', '选项 3', null, null, null), ('4', '0', '0', '0', '0', '1004', null, '选项 4', null, null, null), ('5', '0', '0', '0', '0', '1004', null, '选项 5', null, null, null), ('6', '0', '0', '0', '0', '1004', null, '选项 6', null, null, null), ('7', '0', '0', '0', '0', '1005', null, '选项 7', null, null, null), ('8', '0', '0', '0', '0', '1005', null, '选项 8', null, null, null), ('9', '0', '0', '0', '0', '1005', null, '选项 9', null, null, null), ('11', '0', '0', '0', '0', '1009', null, '选项1', null, '1508049543', '1508049543'), ('12', '0', '0', '0', '0', '1009', null, '选项2', null, '1508049543', '1508049543'), ('13', '0', '0', '0', '0', '1009', null, '选项3', null, '1508049543', '1508049543'), ('14', '0', '0', '0', '0', '1010', null, '选项1', null, '1508050550', '1508050550'), ('15', '0', '0', '0', '0', '1010', null, '选项2', null, '1508050550', '1508050550'), ('16', '0', '0', '0', '0', '1010', null, '选项3', null, '1508050550', '1508050550'), ('17', '0', '0', '0', '0', '1011', null, '选项1', null, '1508050577', '1508050577'), ('18', '0', '0', '0', '0', '1011', null, '选项2', null, '1508050577', '1508050577'), ('19', '0', '0', '0', '0', '1011', null, '选项3', null, '1508050577', '1508050577'), ('20', '0', '0', '0', '0', '1012', null, '选项1', null, '1508050595', '1508050595'), ('21', '0', '0', '0', '0', '1012', null, '选项2', null, '1508050595', '1508050595'), ('22', '0', '0', '0', '0', '1012', null, '选项3', null, '1508050595', '1508050595'), ('23', '0', '0', '0', '0', '1013', null, '选项1', null, '1508050626', '1508050626'), ('24', '0', '0', '0', '0', '1013', null, '选项2', null, '1508050626', '1508050626'), ('25', '0', '0', '0', '0', '1013', null, '选项3', null, '1508050626', '1508050626'), ('26', '0', '0', '0', '0', '1014', null, '选项1', null, '1508050648', '1508050648'), ('27', '0', '0', '0', '0', '1014', null, '选项2', null, '1508050648', '1508050648'), ('28', '0', '0', '0', '0', '1014', null, '选项3', null, '1508050648', '1508050648'), ('29', '0', '0', '0', '0', '1014', null, '选项4', null, '1508050648', '1508050648'), ('30', '0', '0', '0', '0', '1015', null, '选项1', null, '1508050677', '1508050677'), ('31', '0', '0', '0', '0', '1015', null, '选项2', null, '1508050677', '1508050677'), ('32', '0', '0', '0', '0', '1015', null, '选项3', null, '1508050677', '1508050677'), ('33', '0', '0', '0', '0', '1015', null, '选项4', null, '1508050677', '1508050677'), ('34', '0', '0', '0', '0', '1015', null, '选项5', null, '1508050677', '1508050677'), ('35', '0', '0', '0', '0', '1018', null, '选项1', null, '1508057493', '1508057493'), ('36', '0', '0', '0', '0', '1018', null, '选项2', null, '1508057493', '1508057493'), ('37', '0', '0', '0', '0', '1018', null, '选项3', null, '1508057493', '1508057493'), ('38', '0', '0', '0', '0', '1019', null, '选项1', null, '1508057532', '1508057532'), ('39', '0', '0', '0', '0', '1019', null, '选项2', null, '1508057532', '1508057532'), ('40', '0', '0', '0', '0', '1019', null, '选项3', null, '1508057532', '1508057532'), ('41', '0', '0', '0', '0', '1019', null, '选项4', null, '1508057532', '1508057532'), ('42', '0', '0', '0', '0', '1020', null, '选项1', null, '1508057565', '1508057565'), ('43', '0', '0', '0', '0', '1020', null, '选项2', null, '1508057565', '1508057565'), ('44', '0', '0', '0', '0', '1020', null, '选项3', null, '1508057565', '1508057565'), ('45', '0', '0', '0', '0', '1020', null, '选项4', null, '1508057565', '1508057565'), ('46', '0', '0', '0', '0', '1021', null, '选项', null, '1509552288', '1509552288'), ('47', '0', '0', '0', '0', '1021', null, '选项', null, '1509552288', '1509552288'), ('48', '0', '0', '0', '0', '1021', null, '选项', null, '1509552288', '1509552288'), ('49', '0', '0', '0', '0', '1022', null, '选项1', null, '1512225514', '1512225514'), ('50', '0', '0', '0', '0', '1022', null, '选项2', null, '1512225514', '1512225514'), ('51', '0', '0', '0', '0', '1022', null, '选项3', null, '1512225514', '1512225514'), ('52', '0', '0', '0', '0', '1023', null, '选项1', null, '1512226210', '1512226210'), ('53', '0', '0', '0', '0', '1023', null, '选项12', null, '1512226210', '1512226210'), ('88', '0', '1', '1', '2', '1037', null, '选项1', null, '1512393903', '1512393903'), ('89', '0', '1', '1', '2', '1037', null, '选项2', null, '1512393903', '1512393903'), ('133', '0', '1', '1', '7', '1054', null, '选项1', null, '1512397765', '1512397765'), ('134', '0', '1', '1', '7', '1054', null, '选项2', null, '1512397765', '1512397765'), ('135', '0', '1', '1', '7', '1054', null, '选项3', null, '1512397765', '1512397765'), ('136', '0', '1', '1', '7', '1042', null, '选项1', null, '1512397862', '1512397862'), ('137', '0', '1', '1', '7', '1042', null, '选项2', null, '1512397862', '1512397862'), ('138', '0', '1', '1', '7', '1042', null, '选项3', null, '1512397862', '1512397862'), ('139', '0', '1', '1', '7', '1042', null, '选项4', null, '1512397862', '1512397862'), ('140', '0', '1', '1', '7', '1042', null, '选项5', null, '1512397862', '1512397862'), ('142', '0', '1', '1', '7', '1040', null, '选项44444444', null, '1512400557', '1512402776'), ('143', '0', '1', '1', '7', '1040', null, '选项555555555', null, '1512400557', '1512402776'), ('156', '0', '1', '1', '7', '1041', null, '选项1', null, '1512400754', '1512400754'), ('157', '0', '1', '1', '7', '1041', null, '选项5', null, '1512400754', '1512400754'), ('158', '0', '1', '1', '7', '1041', null, '选项6', null, '1512400754', '1512400754'), ('159', '0', '1', '1', '7', '1041', null, '选项9', null, '1512400754', '1512400754'), ('160', '0', '1', '1', '7', '1041', null, '选项11', null, '1512400754', '1512400754'), ('161', '0', '1', '1', '7', '1041', null, '选项13', null, '1512400754', '1512400754');
COMMIT;

-- ----------------------------
--  Table structure for `page`
-- ----------------------------
DROP TABLE IF EXISTS `page`;
CREATE TABLE `page` (
  `id` int(11) NOT NULL AUTO_INCREMENT,
  `type` tinyint(4) NOT NULL DEFAULT '0' COMMENT '类型',
  `company_id` int(11) NOT NULL DEFAULT '0',
  `admin_id` int(11) NOT NULL,
  `slide_id` int(11) NOT NULL DEFAULT '0',
  `order` int(11) NOT NULL DEFAULT '0' COMMENT '排序',
  `name` varchar(255) DEFAULT NULL,
  `title` varchar(255) DEFAULT NULL,
  `description` varchar(255) DEFAULT NULL COMMENT '说明',
  `content` text,
  `created_at` int(11) DEFAULT NULL,
  `updated_at` int(11) DEFAULT NULL,
  PRIMARY KEY (`id`)
) ENGINE=InnoDB AUTO_INCREMENT=26 DEFAULT CHARSET=utf8 ROW_FORMAT=FIXED COMMENT='幻灯页表';

-- ----------------------------
--  Records of `page`
-- ----------------------------
BEGIN;
INSERT INTO `page` VALUES ('10', '0', '1', '1', '17', '1', '第一页名称', '第一页', '第一页描述', '<p style=\"text-align: center;\"><br/></p><p style=\"text-align: center;\"><img src=\"http://7n.medsci.cn/uploads/ueditor/php/upload/image/20170818/1503043458806450.png\" title=\"1503043458806450.png\" alt=\"image.png\" width=\"600\" height=\"130\"/></p><p><br/></p><p style=\"line-height: 1.75em;\">&nbsp; &nbsp; &nbsp;中华医学会第十四次全国白血病·淋巴瘤学术会议于2017年7月13日-7月15日在哈尔滨市举办。会议由中华医学会、中华医学会血液学分会主办，哈尔滨血液病肿瘤研究所、中国医学科学院血液病医院、北京大学血液病研究所、苏州大学附属第一医院血研所、北京白求恩公益基金会协办。有来自国内外著名学者就白血病及淋巴瘤、骨髓瘤等领域相关基础及临床做专题报告；美国、欧洲、日本等学者对白血病、淋巴瘤、骨髓瘤、造血干细胞移植、MDS及MPN进行了专题研讨；分为白血病、淋巴瘤、骨髓瘤、恶性血液病的免疫治疗、造血干细胞移植、MDS及MPN等专场进行学术论文交流。</p><p style=\"line-height: 1.75em;\">&nbsp; &nbsp; &nbsp; &nbsp;中华医学会王大方副秘书长致辞时表示，此次会议将对白血病和淋巴瘤的临床热点及难点进行全方位、深层次和多角度讨论，为进一步提高我国血液病防治水平做出新的更大贡献，为改善全民健康水平发挥了极其重大的作用。</p><p style=\"line-height: 1.75em;\"><br/></p><p style=\"line-height: 1.75em;\"><br/></p><p style=\"font-size: 14px; line-height: normal;\"><strong><span style=\"font-size: 16px;\"></span></strong></p><p style=\"white-space: normal; font-size: 14px; line-height: normal; text-align: center;\"><span style=\"font-size: 16px;\"><strong>如需了解更多淋巴瘤的前沿信息<span style=\"line-height: normal;\">&nbsp;</span>请扫描二维码访问<span style=\"line-height: normal;\">“</span>淋巴瘤亿刻<span style=\"line-height: normal;\">”</span>网站。</strong></span></p><p style=\"white-space: normal; text-align: center;\"><img src=\"http://image.135editor.com/files/users/286/2865052/201708/VzeRSUnA_kKgB.png\" alt=\"WechatIMG1466.png\"/></p><p><br/></p>', '1505809788', '1509812703'), ('11', '0', '1', '1', '17', '3', '第二页名称', '第二页标题', '第二页描述', '<p style=\"text-align: center;\"><br/></p><p style=\"text-align: center;\"><img src=\"http://7n.medsci.cn/uploads/ueditor/php/upload/image/20170818/1503043458806450.png\" title=\"1503043458806450.png\" alt=\"image.png\" width=\"600\" height=\"130\"/></p><p><br/></p><p style=\"line-height: 1.75em;\">&nbsp; &nbsp; &nbsp;中华医学会第十四次全国白血病·淋巴瘤学术会议于2017年7月13日-7月15日在哈尔滨市举办。会议由中华医学会、中华医学会血液学分会主办，哈尔滨血液病肿瘤研究所、中国医学科学院血液病医院、北京大学血液病研究所、苏州大学附属第一医院血研所、北京白求恩公益基金会协办。有来自国内外著名学者就白血病及淋巴瘤、骨髓瘤等领域相关基础及临床做专题报告；美国、欧洲、日本等学者对白血病、淋巴瘤、骨髓瘤、造血干细胞移植、MDS及MPN进行了专题研讨；分为白血病、淋巴瘤、骨髓瘤、恶性血液病的免疫治疗、造血干细胞移植、MDS及MPN等专场进行学术论文交流。</p><p style=\"line-height: 1.75em;\">&nbsp; &nbsp; &nbsp; &nbsp;中华医学会王大方副秘书长致辞时表示，此次会议将对白血病和淋巴瘤的临床热点及难点进行全方位、深层次和多角度讨论，为进一步提高我国血液病防治水平做出新的更大贡献，为改善全民健康水平发挥了极其重大的作用。</p><p style=\"line-height: 1.75em;\"><br/></p><p style=\"line-height: 1.75em;\"><br/></p><p style=\"font-size: 14px; line-height: normal;\"><strong><span style=\"font-size: 16px;\"></span></strong></p><p style=\"white-space: normal; font-size: 14px; line-height: normal; text-align: center;\"><span style=\"font-size: 16px;\"><strong>如需了解更多淋巴瘤的前沿信息<span style=\"line-height: normal;\">&nbsp;</span>请扫描二维码访问<span style=\"line-height: normal;\">“</span>淋巴瘤亿刻<span style=\"line-height: normal;\">”</span>网站。</strong></span></p><p style=\"white-space: normal; text-align: center;\"><img src=\"http://image.135editor.com/files/users/286/2865052/201708/VzeRSUnA_kKgB.png\" alt=\"WechatIMG1466.png\"/></p><p><br/></p>', '1505809788', '1509812703'), ('12', '0', '1', '1', '17', '2', '第三页名称', '第三页', '第三页描述', '<p style=\"text-align: center;\"><br/></p><p style=\"text-align: center;\"><img src=\"http://7n.medsci.cn/uploads/ueditor/php/upload/image/20170818/1503043458806450.png\" title=\"1503043458806450.png\" alt=\"image.png\" width=\"600\" height=\"130\"/></p><p><br/></p><p style=\"line-height: 1.75em;\">&nbsp; &nbsp; &nbsp;中华医学会第十四次全国白血病·淋巴瘤学术会议于2017年7月13日-7月15日在哈尔滨市举办。会议由中华医学会、中华医学会血液学分会主办，哈尔滨血液病肿瘤研究所、中国医学科学院血液病医院、北京大学血液病研究所、苏州大学附属第一医院血研所、北京白求恩公益基金会协办。有来自国内外著名学者就白血病及淋巴瘤、骨髓瘤等领域相关基础及临床做专题报告；美国、欧洲、日本等学者对白血病、淋巴瘤、骨髓瘤、造血干细胞移植、MDS及MPN进行了专题研讨；分为白血病、淋巴瘤、骨髓瘤、恶性血液病的免疫治疗、造血干细胞移植、MDS及MPN等专场进行学术论文交流。</p><p style=\"line-height: 1.75em;\">&nbsp; &nbsp; &nbsp; &nbsp;中华医学会王大方副秘书长致辞时表示，此次会议将对白血病和淋巴瘤的临床热点及难点进行全方位、深层次和多角度讨论，为进一步提高我国血液病防治水平做出新的更大贡献，为改善全民健康水平发挥了极其重大的作用。</p><p style=\"line-height: 1.75em;\"><br/></p><p style=\"line-height: 1.75em;\"><br/></p><p style=\"font-size: 14px; line-height: normal;\"><strong><span style=\"font-size: 16px;\"></span></strong></p><p style=\"white-space: normal; font-size: 14px; line-height: normal; text-align: center;\"><span style=\"font-size: 16px;\"><strong>如需了解更多淋巴瘤的前沿信息<span style=\"line-height: normal;\">&nbsp;</span>请扫描二维码访问<span style=\"line-height: normal;\">“</span>淋巴瘤亿刻<span style=\"line-height: normal;\">”</span>网站。</strong></span></p><p style=\"white-space: normal; text-align: center;\"><img src=\"http://image.135editor.com/files/users/286/2865052/201708/VzeRSUnA_kKgB.png\" alt=\"WechatIMG1466.png\"/></p><p><br/></p>', '1505819156', '1509812703'), ('13', '0', '1', '1', '16', '0', '第一页', '第一页', '第一页', '<p>1<br/></p><p>2</p><p>3</p><p>4</p><p>5</p><p>6</p>', '1505828387', '1509674036'), ('14', '0', '1', '1', '16', '1', '第二页', '第二页', '第二页', '<p>1</p><p>2</p><p>3</p><p>4</p><p>5</p><p>6</p>', '1505828387', '1509674158'), ('15', '0', '1', '1', '18', '2', '首页', '这是第一页', '第一页说明', '<p>首页内容</p><p>1</p><p>2</p><p>3</p><p>4</p><p>5</p><p>6</p>', '1505999440', '1509679673'), ('16', '0', '1', '1', '18', '1', '第三页', '第三页', '第三页', '<p>第三页内容</p><p>1</p><p>2</p><p>3</p><p>4</p><p>5</p><p>6</p>', '1505999440', '1509679673'), ('17', '0', '1', '1', '18', '3', '尾页', '尾页', '尾页', '<p>尾页内容</p><p>1</p><p>2</p><p>3</p><p>4</p><p>5</p><p>6</p>', '1505999440', '1509675190'), ('18', '0', '1', '1', '18', '0', '第二页', '第二页', '第二页', '<p>第二页内容</p><p>1</p><p>2</p><p>3</p><p>4</p><p>5</p><p>6</p>', '1505999514', '1509679673'), ('19', '0', '2', '2', '23', '0', '首页', '这是第一个幻灯片', '描述1', null, '1506348585', '1506348803'), ('20', '0', '2', '2', '23', '1', '第二页', null, null, null, '1506348585', '1506348585'), ('21', '0', '2', '2', '23', '2', '第三页', null, null, null, '1506348585', '1506348585'), ('22', '0', '0', '1', '17', '0', '111', '111', '111', '<p>1</p><p>2</p><p>3</p><p>4</p><p>5</p><p>6</p>', '1509807530', '1509812703'), ('23', '0', '0', '0', '17', '5', '123', '123', '123', null, '1509807645', '1509807889'), ('24', '0', '0', '0', '17', '6', '321', '321', '321', null, '1509807646', '1509807889'), ('25', '0', '0', '0', '17', '4', '333', '333', '333', null, '1509807889', '1509807889');
COMMIT;

-- ----------------------------
--  Table structure for `password_resets`
-- ----------------------------
DROP TABLE IF EXISTS `password_resets`;
CREATE TABLE `password_resets` (
  `email` varchar(255) NOT NULL,
  `token` varchar(255) NOT NULL,
  `created_at` timestamp NULL DEFAULT NULL,
  KEY `password_resets_email_index` (`email`)
) ENGINE=MyISAM DEFAULT CHARSET=utf8;

-- ----------------------------
--  Table structure for `pivot_activity_slide`
-- ----------------------------
DROP TABLE IF EXISTS `pivot_activity_slide`;
CREATE TABLE `pivot_activity_slide` (
  `id` int(11) NOT NULL AUTO_INCREMENT,
  `activity_id` int(11) NOT NULL COMMENT '活动 id',
  `slide_id` int(11) NOT NULL COMMENT '幻灯片 id',
  `created_at` int(11) DEFAULT NULL,
  `updated_at` int(11) DEFAULT NULL,
  PRIMARY KEY (`id`)
) ENGINE=MyISAM DEFAULT CHARSET=utf8;

-- ----------------------------
--  Table structure for `pivot_slide_page`
-- ----------------------------
DROP TABLE IF EXISTS `pivot_slide_page`;
CREATE TABLE `pivot_slide_page` (
  `id` int(11) NOT NULL AUTO_INCREMENT,
  `slide_id` int(11) NOT NULL COMMENT '幻灯片 id',
  `page_id` int(11) NOT NULL COMMENT '幻灯页 id',
  `created_at` int(11) DEFAULT NULL,
  `updated_at` int(11) DEFAULT NULL,
  PRIMARY KEY (`id`)
) ENGINE=MyISAM DEFAULT CHARSET=utf8;

-- ----------------------------
--  Table structure for `pivot_survey_question`
-- ----------------------------
DROP TABLE IF EXISTS `pivot_survey_question`;
CREATE TABLE `pivot_survey_question` (
  `id` int(11) NOT NULL AUTO_INCREMENT,
  `survey_id` int(11) NOT NULL,
  `question_id` int(11) NOT NULL,
  `created_at` int(11) DEFAULT NULL,
  `updated_at` int(11) DEFAULT NULL,
  PRIMARY KEY (`id`)
) ENGINE=InnoDB DEFAULT CHARSET=utf8 COMMENT='调研-问题表 多对多表';

-- ----------------------------
--  Table structure for `product`
-- ----------------------------
DROP TABLE IF EXISTS `product`;
CREATE TABLE `product` (
  `id` int(11) NOT NULL AUTO_INCREMENT,
  `type` tinyint(4) NOT NULL DEFAULT '0' COMMENT '类型',
  `org_id` int(11) NOT NULL DEFAULT '0' COMMENT '所属机构',
  `admin_id` int(11) NOT NULL DEFAULT '0' COMMENT '管理员',
  `active` tinyint(4) NOT NULL DEFAULT '0' COMMENT '状态 0.未启用 1.启用 9. 禁用',
  `menu_id` int(11) NOT NULL DEFAULT '0' COMMENT '所属目录',
  `name` varchar(255) DEFAULT NULL,
  `title` varchar(255) DEFAULT NULL,
  `description` varchar(255) DEFAULT NULL,
  `content` text,
  `cover_pic` varchar(255) DEFAULT NULL COMMENT '封面图片',
  `visit_num` int(11) NOT NULL DEFAULT '0',
  `created_at` int(11) DEFAULT NULL,
  `updated_at` int(11) DEFAULT NULL,
  PRIMARY KEY (`id`)
) ENGINE=InnoDB AUTO_INCREMENT=11 DEFAULT CHARSET=utf8 COMMENT='企业产品表';

-- ----------------------------
--  Records of `product`
-- ----------------------------
BEGIN;
INSERT INTO `product` VALUES ('3', '0', '1', '1', '0', '3', '产品3', '产品3', '说明3', '<p>产品3</p><p>1</p><p>2</p><p>3</p><p>4</p><p>5</p><p>6</p>', null, '7', '1505919537', '1510128599'), ('8', '0', '1', '1', '9', '3', '伊布替尼', '伊布替尼', '描述8', '<h3 style=\"margin: 20px 0px 0px; padding: 0px; font-weight: 400; font-size: 16px; max-width: 100%; font-family: &#39;Helvetica Neue&#39;, Helvetica, &#39;Hiragino Sans GB&#39;, &#39;Microsoft YaHei&#39;, Arial, sans-serif; white-space: normal; line-height: 30px; color: rgb(34, 34, 34); background-color: rgb(255, 255, 255); box-sizing: border-box !important; word-wrap: break-word !important;\"></h3><p style=\"margin-top: 0px; padding: 0px 0px 20px; max-width: 100%; clear: both; min-height: 1em; margin-bottom: 5px; box-sizing: border-box !important; word-wrap: break-word !important;\">2017年8月24日，全球首个口服BTK抑制剂亿珂®（伊布替尼）正式获得中国食品药品监督管理总局（CFDA）批准，用于治疗慢性淋巴细胞白血病及套细胞淋巴瘤患者。亿珂®（伊布替尼）曾四次被FDA授予突破性药物认定，获得国际奖项“盖伦奖”，截止目前全球85个国家获批超过65000名患者受益，未来将开启中国B细胞淋巴瘤治疗的新纪元！&nbsp;<br/></p><p style=\"margin-top: 0px; margin-bottom: 0px; padding: 0px 0px 20px; max-width: 100%; clear: both; min-height: 1em; box-sizing: border-box !important; word-wrap: break-word !important;\"><img src=\"http://7n.medsci.cn/uploads/ueditor/php/upload/image/20170901/1504236204664320.jpeg\" title=\"1504236204664320.jpeg\" alt=\"WechatIMG1165.jpeg\"/></p><p style=\"margin-top: 0px; margin-bottom: 0px; padding: 0px 0px 20px; max-width: 100%; clear: both; min-height: 1em; box-sizing: border-box !important; word-wrap: break-word !important;\"><span style=\"margin: 0px; padding: 0px; max-width: 100%; box-sizing: border-box !important; word-wrap: break-word !important; color: rgb(0, 0, 255);\"><span style=\"margin: 0px; padding: 0px; max-width: 100%; box-sizing: border-box !important; word-wrap: break-word !important; font-weight: bold;\">BTK抑制剂的发现发展之旅-新型靶向药物的诞生</span>&nbsp;</span></p><p style=\"margin-top: 0px; margin-bottom: 0px; padding: 0px 0px 20px; max-width: 100%; clear: both; min-height: 1em; box-sizing: border-box !important; word-wrap: break-word !important;\">据报道，1999年合成了首个BTK抑制剂LFM-A13，但是遗憾的是，随后LFM-A13并未开展临床研究，不过在了解BTK抑制作用的机理下，美国塞莱拉基因公司药物化学教研室学者继续展开研究，最终合成了compound 4，并用两种方法证实了这类药物与BTK结合的不可逆性，ibrutinib就此诞生。&nbsp;</p><p style=\"margin-top: 0px; margin-bottom: 0px; padding: 0px 0px 20px; max-width: 100%; clear: both; min-height: 1em; box-sizing: border-box !important; word-wrap: break-word !important;\">而后动物及人体外研究均提示PCI-32765与BTK活化位点不可逆结合，可获得满意疗效。2013年《J Clin Oncol》杂志公布了一项令人激动人心的结果，56例RR B细胞淋巴瘤或CLL患者接受口服ibrutinib升阶梯治疗，ibrutinib与BTK的cys481不可逆结合至少24h。患者OR率为60%，CR为16%4。因此，2013年开始获得FDA加速审批：2013.11MCL，2014.7CLL，2015.1WM,同时欧洲药物机构也批准了这些B细胞恶性肿瘤的药物治疗。</p><p style=\"margin-top: 0px; margin-bottom: 0px; padding: 0px 0px 20px; max-width: 100%; clear: both; min-height: 1em; box-sizing: border-box !important; word-wrap: break-word !important;\">2012年发表于Blood的一项研究阐释了伊布替尼的作用机制：PCI-32765通过抑制BTK，抑制肿瘤细胞生存和增殖，抑制BCR调控的粘附，调节趋化因子调控的粘附和迁移。同时合理阐释了CLL患者接受伊布替尼治疗后出现的临床应答：可获得快速且持续的淋巴结病变缓解，伴随暂时停药后可逆的一过性淋巴细胞增多。&nbsp;</p><p style=\"margin-top: 0px; margin-bottom: 0px; padding: 0px 0px 20px; max-width: 100%; clear: both; min-height: 1em; box-sizing: border-box !important; word-wrap: break-word !important;\"><span style=\"margin: 0px; padding: 0px; max-width: 100%; box-sizing: border-box !important; word-wrap: break-word !important; font-weight: bold; color: rgb(0, 0, 255);\">CLL/SLL和MCL疗效上历史性的突破</span></p><p style=\"margin-top: 0px; margin-bottom: 0px; padding: 0px 0px 20px; max-width: 100%; clear: both; min-height: 1em; box-sizing: border-box !important; word-wrap: break-word !important;\"><span style=\"margin: 0px; padding: 0px; max-width: 100%; box-sizing: border-box !important; word-wrap: break-word !important; font-weight: bold;\">PCYC-1102/03研究</span></p><p style=\"margin-top: 0px; margin-bottom: 0px; padding: 0px 0px 20px; max-width: 100%; clear: both; min-height: 1em; box-sizing: border-box !important; word-wrap: break-word !important;\">2013年首次发布在新英格兰医学杂志，纳入了101例R/R CLL患者，研究共随访5年发现，伊布替尼单药治疗患者ORR为89%，中位PFS为52个月，中位OS未达到，5年OS为57%。突破现有免疫化疗方案治疗RR CLL后PFS不到2年的局限。</p><p style=\"margin-top: 0px; margin-bottom: 0px; padding: 0px 0px 20px; max-width: 100%; clear: both; min-height: 1em; box-sizing: border-box !important; word-wrap: break-word !important;\"><img src=\"http://7n.medsci.cn/uploads/ueditor/php/upload/image/20170831/1504161387631525.png\" title=\"1504161387631525.png\" alt=\"图片 1.png\"/></p><p style=\"margin-top: 0px; margin-bottom: 0px; padding: 0px 0px 20px; max-width: 100%; clear: both; min-height: 1em; box-sizing: border-box !important; word-wrap: break-word !important;\"><span style=\"margin: 0px; padding: 0px; max-width: 100%; box-sizing: border-box !important; word-wrap: break-word !important; font-weight: bold;\">MCL-3001&nbsp;RAY研究</span></p><p style=\"margin-top: 0px; margin-bottom: 0px; padding: 0px 0px 20px; max-width: 100%; clear: both; min-height: 1em; box-sizing: border-box !important; word-wrap: break-word !important;\">发表Lancet杂志的一项伊布替尼研究，纳入了280例R/R&nbsp;MCL患者，随访3年，结果显示，伊布替尼单药治疗ORR为72%，中位PFS为15.6个月，中位OS为30.3个月。并且首次复发后使用，PFS可延长至25.4个月, OS 延长至42.1个月;&nbsp;</p><p style=\"margin-top: 0px; margin-bottom: 0px; padding: 0px 0px 20px; max-width: 100%; clear: both; min-height: 1em; box-sizing: border-box !important; word-wrap: break-word !important;\">&nbsp;<img src=\"http://7n.medsci.cn/uploads/ueditor/php/upload/image/20170831/1504161397949063.png\" title=\"1504161397949063.png\" alt=\"图片 2.png\"/></p><p style=\"margin-top: 0px; margin-bottom: 0px; padding: 0px 0px 20px; max-width: 100%; clear: both; min-height: 1em; box-sizing: border-box !important; word-wrap: break-word !important;\"><img src=\"http://7n.medsci.cn/uploads/ueditor/php/upload/image/20170831/1504161406723950.png\" title=\"1504161406723950.png\" alt=\"图片 3png.png\"/></p><p style=\"margin-top: 0px; margin-bottom: 0px; padding: 0px 0px 20px; max-width: 100%; clear: both; min-height: 1em; box-sizing: border-box !important; word-wrap: break-word !important;\"><img src=\"http://7n.medsci.cn/uploads/ueditor/php/upload/image/20170831/1504161414739757.png\" title=\"1504161414739757.png\" alt=\"图片 4.png\"/></p><p style=\"margin-top: 0px; margin-bottom: 0px; padding: 0px 0px 20px; max-width: 100%; clear: both; min-height: 1em; box-sizing: border-box !important; word-wrap: break-word !important;\"><br/></p><p style=\"margin-top: 0px; margin-bottom: 0px; padding: 0px 0px 20px; max-width: 100%; clear: both; min-height: 1em; box-sizing: border-box !important; word-wrap: break-word !important;\"><br/></p><p style=\"margin-top: 0px; margin-bottom: 0px; padding: 0px 0px 20px; max-width: 100%; clear: both; min-height: 1em; box-sizing: border-box !important; word-wrap: break-word !important;\"><span style=\"margin: 0px; padding: 0px; max-width: 100%; box-sizing: border-box !important; word-wrap: break-word !important; font-weight: bold; color: rgb(0, 0, 255);\">可靠的安全性</span></p><p style=\"margin-top: 0px; margin-bottom: 0px; padding: 0px 0px 20px; max-width: 100%; clear: both; min-height: 1em; box-sizing: border-box !important; word-wrap: break-word !important;\">在中国发起的以CLL/SLL亚洲患者为主的CLL 3002国际多中心Ⅲ期研究报告显示：伊布替尼对比利妥昔单抗显著提高ORR,中位随访18个月，伊布替尼PFS 74% vs 利妥昔单抗&nbsp;PFS 11.9%,OS 伊布替尼&nbsp;vs 利妥昔单抗79.8% vs57.6%，在显著提高PFS与OS的同时，伊布替尼治疗不良事件多为1或2级，3，4级非常罕见，无剂量相关性，每日一次的口服治疗也给患者带来了更好的生活质量。&nbsp;</p><p style=\"margin-top: 0px; margin-bottom: 0px; padding: 0px 0px 20px; max-width: 100%; clear: both; min-height: 1em; box-sizing: border-box !important; word-wrap: break-word !important;\">相信亿珂®（伊布替尼）在中国获批定会为淋巴瘤患者带来全新的治疗选择与更高的生活质量，推动中国淋巴瘤治疗领域水平的提高。</p><p style=\"margin-top: 15px; margin-bottom: 15px; color: rgb(85, 85, 85); font-size: 14px; line-height: normal; white-space: normal;\"><span style=\"font-size: 16px;\"><strong><br/></strong></span></p><p style=\"margin-top: 15px; margin-bottom: 15px; color: rgb(85, 85, 85); font-size: 14px; line-height: normal; white-space: normal; text-align: center;\"><span style=\"font-size: 16px;\"><strong>如需了解更多淋巴瘤的前沿信息<span style=\"line-height: normal;\">&nbsp;</span>请扫描二维码访问<span style=\"line-height: normal;\">“</span>淋巴瘤亿刻<span style=\"line-height: normal;\">”</span>网站。</strong></span></p><p style=\"text-align: center;\"><span style=\"font-size: 16px;\"><strong><img src=\"http://7n.medsci.cn/uploads/ueditor/php/upload/image/20170915/1505452618242518.png\" title=\"1505452618242518.png\" alt=\"淋巴瘤亿刻二维码.png\"/></strong></span></p>', null, '36', '1506225562', '1511410494'), ('9', '0', '2', '2', '0', '7', '产品1', '产品1', '描述1', '<p>产品1详情</p><p>1</p><p>2</p><p>3</p><p>4</p><p>5</p><p>6</p>', null, '0', '1506339300', '1508390839'), ('10', '0', '1', '1', '0', '0', '1', '1', '1', null, 'org/1/unique/products/cover_product_3a0303c6.jpg', '0', '1512188264', '1512188264');
COMMIT;

-- ----------------------------
--  Table structure for `question`
-- ----------------------------
DROP TABLE IF EXISTS `question`;
CREATE TABLE `question` (
  `id` int(11) NOT NULL AUTO_INCREMENT,
  `type` tinyint(4) NOT NULL DEFAULT '0' COMMENT '类型',
  `org_id` int(11) NOT NULL DEFAULT '0' COMMENT '所属机构',
  `admin_id` int(11) NOT NULL DEFAULT '0',
  `survey_id` int(11) NOT NULL DEFAULT '0' COMMENT '所属调研',
  `page_id` int(11) NOT NULL DEFAULT '0' COMMENT '所属幻灯片页',
  `order` int(11) NOT NULL DEFAULT '0',
  `name` varchar(255) DEFAULT NULL,
  `title` varchar(255) DEFAULT NULL,
  `description` varchar(255) DEFAULT NULL,
  `content` text,
  `correct_option` varchar(32) DEFAULT NULL,
  `created_at` int(11) DEFAULT NULL,
  `updated_at` int(11) DEFAULT NULL,
  PRIMARY KEY (`id`)
) ENGINE=InnoDB AUTO_INCREMENT=1055 DEFAULT CHARSET=utf8 ROW_FORMAT=FIXED COMMENT='调研问题表';

-- ----------------------------
--  Records of `question`
-- ----------------------------
BEGIN;
INSERT INTO `question` VALUES ('1001', '1', '1', '1', '4', '0', '0', '2', '问题题目 1', null, null, null, null, null), ('1002', '2', '1', '1', '4', '0', '0', '1', '问题题目 2', '说明 2', '内容 4', null, null, null), ('1003', '3', '1', '1', '4', '0', '0', '3', '问题题目 选择题 单选题', '单选题 说明3', null, null, null, null), ('1004', '4', '1', '1', '4', '0', '0', '4', '问题题目 选择题 下拉题', '下拉题 说明4', null, null, null, null), ('1005', '5', '1', '1', '4', '0', '0', '5', '问题题目 选择题 多选题', '多选题 说明5', null, null, null, null), ('1006', '1', '1', '1', '4', '0', '0', null, '123', null, null, null, '1508035717', '1508035717'), ('1009', '3', '1', '1', '4', '0', '0', null, '3', '4', null, null, '1508049543', '1508049543'), ('1010', '3', '1', '1', '4', '0', '0', null, '3', '4', null, null, '1508050550', '1508050550'), ('1011', '3', '1', '1', '4', '0', '0', null, '单选题3', '单选题4', null, null, '1508050577', '1508050577'), ('1012', '3', '1', '1', '4', '0', '0', null, '单选题3', '单选题4', null, null, '1508050595', '1508050595'), ('1013', '3', '1', '1', '4', '0', '0', null, '单选题34', '单选题44', null, null, '1508050626', '1508050626'), ('1014', '4', '1', '1', '4', '0', '0', null, '下拉题2', null, null, null, '1508050648', '1508050648'), ('1015', '5', '1', '1', '4', '0', '0', null, '多选题4', null, null, null, '1508050677', '1508050677'), ('1016', '1', '1', '1', '2', '0', '7', null, '单行文本题', '备注1', null, null, '1508057450', '1512228791'), ('1017', '2', '1', '1', '2', '0', '2', null, '多行文本题123', '备注2123', null, null, '1508057468', '1512394989'), ('1018', '3', '1', '1', '2', '0', '3', null, '单选题1', '备注3', null, null, '1508057493', '1512228791'), ('1019', '4', '1', '1', '2', '0', '8', null, '下拉题', '备注4', null, null, '1508057532', '1512228791'), ('1020', '5', '1', '1', '2', '0', '0', null, '多选题1', '备注5', null, null, '1508057565', '1509643260'), ('1021', '4', '1', '1', '2', '0', '5', null, '132', '123', null, null, '1509552288', '1512228791'), ('1022', '5', '1', '1', '2', '0', '1', null, 'test', '1', null, null, '1512225514', '1512228791'), ('1023', '3', '1', '1', '2', '0', '4', null, 'test danxuan', 'danxuan', null, null, '1512226210', '1512228791'), ('1026', '1', '1', '1', '2', '0', '6', null, 'danhangwenben', '1212', null, null, '1512228773', '1512228773'), ('1037', '5', '1', '1', '2', '0', '9', null, '多选题1', '备注5', null, null, '1512393903', '1512393903'), ('1038', '1', '1', '1', '7', '0', '0', null, '单行文本体1', '11', null, null, '1512396042', '1512396246'), ('1039', '2', '1', '1', '7', '0', '1', null, '多行文本题2', '22', null, null, '1512396051', '1512396261'), ('1040', '3', '1', '1', '7', '0', '2', null, '单选题3444', '33444', null, null, '1512396062', '1512402776'), ('1041', '4', '1', '1', '7', '0', '3', null, '下拉题4446666', '4444', null, null, '1512396226', '1512400754'), ('1042', '5', '1', '1', '7', '0', '4', null, '多选题555', '5555', null, null, '1512396239', '1512397862'), ('1054', '3', '1', '1', '7', '0', '5', null, '111222', '111222', null, null, '1512397732', '1512397765');
COMMIT;

-- ----------------------------
--  Table structure for `records`
-- ----------------------------
DROP TABLE IF EXISTS `records`;
CREATE TABLE `records` (
  `id` int(11) NOT NULL AUTO_INCREMENT,
  `type` tinyint(4) NOT NULL DEFAULT '0' COMMENT '1.主页 2.录目 3.详情页',
  `sort` varchar(64) NOT NULL DEFAULT '0',
  `form` int(11) NOT NULL DEFAULT '0',
  `org_id` int(11) NOT NULL DEFAULT '0',
  `page_id` int(11) NOT NULL DEFAULT '0',
  `user_id` int(11) NOT NULL DEFAULT '0' COMMENT '0.游客',
  `from` varchar(32) DEFAULT NULL COMMENT '来源',
  `open` varchar(32) DEFAULT NULL COMMENT '打开位置',
  `open_type` tinyint(4) NOT NULL DEFAULT '0' COMMENT '0.pc端 1.移动端 ',
  `open_system` varchar(20) DEFAULT NULL,
  `open_device_name` varchar(32) DEFAULT NULL,
  `open_device_version` varchar(20) DEFAULT NULL,
  `open_browser` varchar(20) DEFAULT NULL,
  `open_app` varchar(20) DEFAULT NULL,
  `ip` varchar(20) DEFAULT NULL,
  `created_at` int(11) DEFAULT NULL COMMENT '创建时间',
  `updated_at` int(11) DEFAULT NULL COMMENT '更新时间',
  PRIMARY KEY (`id`)
) ENGINE=MyISAM AUTO_INCREMENT=745 DEFAULT CHARSET=utf8;

-- ----------------------------
--  Records of `records`
-- ----------------------------
BEGIN;
INSERT INTO `records` VALUES ('1', '1', 'index', '0', '1', '0', '0', null, null, '0', 'Windows', null, null, 'Chrome', 'default', '180.156.223.140', '1509985259', '1509985259'), ('2', '1', 'index', '0', '1', '0', '0', null, null, '0', 'Windows', null, null, 'Chrome', 'default', '180.156.223.140', '1509985860', '1509985860'), ('3', '1', 'index', '0', '1', '0', '0', null, null, '0', 'Windows', null, null, 'Chrome', 'default', '180.156.223.140', '1509985937', '1509985937'), ('4', '2', 'product', '0', '1', '0', '0', null, null, '0', 'Windows', null, null, 'Chrome', 'default', '180.156.223.140', '1509987631', '1509987631'), ('5', '3', 'product', '0', '1', '8', '0', null, null, '0', 'Windows', null, null, 'Chrome', 'default', '180.156.223.140', '1509988009', '1509988009'), ('6', '3', 'product', '0', '1', '8', '0', null, null, '0', 'Windows', null, null, 'Chrome', 'default', '180.156.223.140', '1509988181', '1509988181'), ('7', '2', 'activity', '0', '1', '0', '0', null, null, '0', 'Windows', null, null, 'Chrome', 'default', '180.156.223.140', '1509988195', '1509988195'), ('8', '2', 'survey', '0', '1', '0', '0', null, null, '0', 'Windows', null, null, 'Chrome', 'default', '180.156.223.140', '1509988197', '1509988197'), ('9', '3', 'survey', '0', '1', '2', '0', null, null, '0', 'Windows', null, null, 'Chrome', 'default', '180.156.223.140', '1509988200', '1509988200'), ('10', '2', 'article', '0', '1', '0', '0', null, null, '0', 'Windows', null, null, 'Chrome', 'default', '180.156.223.140', '1509988201', '1509988201'), ('11', '3', 'article', '0', '1', '2', '0', null, null, '0', 'Windows', null, null, 'Chrome', 'default', '180.156.223.140', '1509988203', '1509988203'), ('12', '2', 'activity', '0', '1', '0', '0', null, null, '0', 'Windows', null, null, 'Chrome', 'default', '180.156.223.140', '1509988224', '1509988224'), ('13', '3', 'activity', '0', '1', '1', '0', null, null, '0', 'Windows', null, null, 'Chrome', 'default', '180.156.223.140', '1509988226', '1509988226'), ('14', '3', 'activity', '0', '1', '1', '0', null, null, '0', 'Windows', null, null, 'Chrome', 'default', '180.156.223.140', '1509988350', '1509988350'), ('15', '3', 'activity', '0', '1', '1', '0', null, null, '0', 'Windows', null, null, 'Chrome', 'default', '180.156.223.140', '1509988363', '1509988363'), ('16', '3', 'activity', '0', '1', '1', '0', null, null, '0', 'Windows', null, null, 'Chrome', 'default', '180.156.223.140', '1509989747', '1509989747'), ('17', '2', 'product', '0', '1', '0', '0', null, null, '0', 'Windows', null, null, 'Chrome', 'default', '180.156.223.140', '1509989758', '1509989758'), ('18', '3', 'product', '0', '1', '3', '0', null, null, '0', 'Windows', null, null, 'Chrome', 'default', '180.156.223.140', '1509989760', '1509989760'), ('19', '3', 'activity', '0', '1', '3', '0', null, null, '0', 'Windows', null, null, 'Chrome', 'default', '180.156.223.140', '1509989860', '1509989860'), ('20', '3', 'activity', '0', '1', '3', '0', null, null, '0', 'Windows', null, null, 'Chrome', 'default', '180.156.223.140', '1509989862', '1509989862'), ('21', '3', 'activity', '0', '1', '1', '0', null, null, '0', 'Windows', null, null, 'Chrome', 'default', '180.156.223.140', '1509989868', '1509989868'), ('22', '3', 'product', '0', '1', '8', '0', null, null, '0', 'Windows', null, null, 'Chrome', 'default', '180.156.223.140', '1509989946', '1509989946'), ('23', '3', 'product', '0', '1', '3', '0', null, null, '0', 'Windows', null, null, 'Chrome', 'default', '180.156.223.140', '1509990015', '1509990015'), ('24', '1', 'index', '0', '1', '0', '0', null, null, '0', 'Windows', null, null, 'Chrome', 'default', '180.156.223.140', '1509990019', '1509990019'), ('25', '1', 'index', '0', '1', '0', '0', null, null, '0', 'Windows', null, null, 'Chrome', 'default', '180.156.223.140', '1510023236', '1510023236'), ('26', '1', 'index', '0', '1', '0', '0', null, null, '0', 'Windows', null, null, 'Chrome', 'default', '180.156.223.140', '1510023277', '1510023277'), ('27', '1', 'index', '0', '1', '0', '0', null, null, '0', 'Windows', null, null, 'Chrome', 'default', '180.156.223.140', '1510023279', '1510023279'), ('28', '2', 'product', '0', '1', '0', '0', null, null, '0', 'Windows', null, null, 'Chrome', 'default', '180.156.223.140', '1510023281', '1510023281'), ('29', '2', 'activity', '0', '1', '0', '0', null, null, '0', 'Windows', null, null, 'Chrome', 'default', '180.156.223.140', '1510023283', '1510023283'), ('30', '2', 'survey', '0', '1', '0', '0', null, null, '0', 'Windows', null, null, 'Chrome', 'default', '180.156.223.140', '1510023285', '1510023285'), ('31', '2', 'article', '0', '1', '0', '0', null, null, '0', 'Windows', null, null, 'Chrome', 'default', '180.156.223.140', '1510023286', '1510023286'), ('32', '3', 'article', '0', '1', '5', '0', null, null, '0', 'Windows', null, null, 'Chrome', 'default', '180.156.223.140', '1510023291', '1510023291'), ('33', '1', 'index', '0', '1', '0', '0', null, null, '0', 'Windows', null, null, 'Chrome', 'default', '180.156.223.140', '1510023578', '1510023578'), ('34', '1', 'index', '0', '1', '0', '0', null, null, '0', 'Windows', null, null, 'Chrome', 'default', '180.156.223.140', '1510023579', '1510023579'), ('35', '1', 'index', '0', '1', '0', '0', null, null, '0', 'Windows', null, null, 'Chrome', 'default', '180.156.223.140', '1510023657', '1510023657'), ('36', '1', 'index', '0', '1', '0', '0', null, null, '0', 'Windows', null, null, 'Chrome', 'default', '180.156.223.140', '1510023657', '1510023657'), ('37', '1', 'index', '0', '1', '0', '0', null, null, '0', 'Windows', null, null, 'Chrome', 'default', '180.156.223.140', '1510023751', '1510023751'), ('38', '1', 'index', '0', '1', '0', '0', null, null, '0', 'Windows', null, null, 'Chrome', 'default', '180.156.223.140', '1510023751', '1510023751'), ('39', '2', 'product', '0', '1', '0', '0', null, null, '0', 'Windows', null, null, 'Chrome', 'default', '180.156.223.140', '1510023765', '1510023765'), ('40', '1', 'index', '0', '1', '0', '0', null, null, '0', 'Windows', null, null, 'Chrome', 'default', '180.156.223.140', '1510024417', '1510024417'), ('41', '1', 'index', '0', '1', '0', '0', null, null, '0', 'Windows', null, null, 'Chrome', 'default', '180.156.223.140', '1510024418', '1510024418'), ('42', '1', 'index', '0', '1', '0', '0', null, null, '0', 'Windows', null, null, 'Chrome', 'default', '180.156.223.140', '1510024455', '1510024455'), ('43', '1', 'index', '0', '1', '0', '0', null, null, '0', 'Windows', null, null, 'Chrome', 'default', '180.156.223.140', '1510024456', '1510024456'), ('44', '1', 'index', '0', '1', '0', '0', null, null, '0', 'Windows', null, null, 'Chrome', 'default', '180.156.223.140', '1510024495', '1510024495'), ('45', '1', 'index', '0', '1', '0', '0', null, null, '0', 'Windows', null, null, 'Chrome', 'default', '180.156.223.140', '1510024496', '1510024496'), ('46', '1', 'index', '0', '1', '0', '0', null, null, '0', 'Windows', null, null, 'Chrome', 'default', '180.156.223.140', '1510024609', '1510024609'), ('47', '1', 'index', '0', '1', '0', '0', null, null, '0', 'Windows', null, null, 'Chrome', 'default', '180.156.223.140', '1510024609', '1510024609'), ('48', '1', 'index', '0', '1', '0', '0', null, null, '0', 'Windows', null, null, 'Chrome', 'default', '180.156.223.140', '1510025471', '1510025471'), ('49', '1', 'index', '0', '1', '0', '0', null, null, '0', 'Windows', null, null, 'Chrome', 'default', '180.156.223.140', '1510025471', '1510025471'), ('50', '1', 'index', '0', '1', '0', '0', null, null, '0', 'Windows', null, null, 'Chrome', 'default', '180.156.223.140', '1510025707', '1510025707'), ('51', '1', 'index', '0', '1', '0', '0', null, null, '0', 'Windows', null, null, 'Chrome', 'default', '180.156.223.140', '1510025707', '1510025707'), ('52', '1', 'index', '0', '1', '0', '0', null, null, '0', 'Windows', null, null, 'Chrome', 'default', '180.156.223.140', '1510025730', '1510025730'), ('53', '1', 'index', '0', '1', '0', '0', null, null, '0', 'Windows', null, null, 'Chrome', 'default', '180.156.223.140', '1510025730', '1510025730'), ('54', '1', 'index', '0', '1', '0', '0', null, null, '0', 'Windows', null, null, 'Chrome', 'default', '180.156.223.140', '1510025767', '1510025767'), ('55', '1', 'index', '0', '1', '0', '0', null, null, '0', 'Windows', null, null, 'Chrome', 'default', '180.156.223.140', '1510025767', '1510025767'), ('56', '1', 'index', '0', '1', '0', '0', null, null, '0', 'Windows', null, null, 'Chrome', 'default', '180.156.223.140', '1510025784', '1510025784'), ('57', '1', 'index', '0', '1', '0', '0', null, null, '0', 'Windows', null, null, 'Chrome', 'default', '180.156.223.140', '1510025784', '1510025784'), ('58', '1', 'index', '0', '1', '0', '0', null, null, '0', 'Windows', null, null, 'Chrome', 'default', '180.156.223.140', '1510025812', '1510025812'), ('59', '1', 'index', '0', '1', '0', '0', null, null, '0', 'Windows', null, null, 'Chrome', 'default', '180.156.223.140', '1510025813', '1510025813'), ('60', '1', 'index', '0', '1', '0', '0', null, null, '0', 'Windows', null, null, 'Chrome', 'default', '180.156.223.140', '1510025822', '1510025822'), ('61', '1', 'index', '0', '1', '0', '0', null, null, '0', 'Windows', null, null, 'Chrome', 'default', '180.156.223.140', '1510025879', '1510025879'), ('62', '1', 'index', '0', '1', '0', '0', null, null, '0', 'Windows', null, null, 'Chrome', 'default', '180.156.223.140', '1510025880', '1510025880'), ('63', '3', 'survey', '0', '1', '2', '0', null, null, '0', 'Windows', null, null, 'Chrome', 'default', '180.156.223.140', '1510025884', '1510025884'), ('64', '1', 'index', '0', '1', '0', '0', null, null, '0', 'Windows', null, null, 'Chrome', 'default', '180.156.223.140', '1510025994', '1510025994'), ('65', '1', 'index', '0', '1', '0', '0', null, null, '0', 'Windows', null, null, 'Chrome', 'default', '180.156.223.140', '1510025994', '1510025994'), ('66', '1', 'index', '0', '1', '0', '0', null, null, '0', 'Windows', null, null, 'Chrome', 'default', '180.156.223.140', '1510026069', '1510026069'), ('67', '1', 'index', '0', '1', '0', '0', null, null, '0', 'Windows', null, null, 'Chrome', 'default', '180.156.223.140', '1510026070', '1510026070'), ('68', '1', 'index', '0', '1', '0', '0', null, null, '0', 'Windows', null, null, 'Chrome', 'default', '180.156.223.140', '1510026104', '1510026104'), ('69', '1', 'index', '0', '1', '0', '0', null, null, '0', 'Windows', null, null, 'Chrome', 'default', '180.156.223.140', '1510026104', '1510026104'), ('70', '1', 'index', '0', '1', '0', '0', null, null, '0', 'Windows', null, null, 'Chrome', 'default', '180.156.223.140', '1510026154', '1510026154'), ('71', '1', 'index', '0', '1', '0', '0', null, null, '0', 'Windows', null, null, 'Chrome', 'default', '180.156.223.140', '1510026154', '1510026154'), ('72', '1', 'index', '0', '1', '0', '0', null, null, '0', 'Windows', null, null, 'Chrome', 'default', '180.156.223.140', '1510027422', '1510027422'), ('73', '1', 'index', '0', '1', '0', '0', null, null, '0', 'Windows', null, null, 'Chrome', 'default', '180.156.223.140', '1510027656', '1510027656'), ('74', '1', 'index', '0', '1', '0', '0', null, null, '0', 'Windows', null, null, 'Chrome', 'default', '180.156.223.140', '1510027683', '1510027683'), ('75', '1', 'index', '0', '1', '0', '0', null, null, '0', 'Windows', null, null, 'Chrome', 'default', '101.226.233.158', '1510031220', '1510031220'), ('76', '1', 'index', '0', '1', '0', '0', null, null, '0', 'Windows', null, null, 'Chrome', 'default', '101.81.124.62', '1510031226', '1510031226'), ('77', '1', 'index', '0', '1', '0', '0', null, null, '0', 'Windows', null, null, 'Chrome', 'default', '101.81.124.62', '1510031229', '1510031229'), ('78', '1', 'index', '0', '1', '0', '0', null, null, '0', 'Windows', null, null, 'Chrome', 'default', '120.204.17.73', '1510031241', '1510031241'), ('79', '2', 'survey', '0', '1', '0', '0', null, null, '0', 'Windows', null, null, 'Chrome', 'default', '101.81.124.62', '1510031305', '1510031305'), ('80', '3', 'survey', '0', '1', '1', '0', null, null, '0', 'Windows', null, null, 'Chrome', 'default', '101.81.124.62', '1510031337', '1510031337'), ('81', '1', 'index', '0', '1', '0', '0', null, null, '0', 'Windows', null, null, 'Chrome', 'default', '101.226.233.153', '1510031461', '1510031461'), ('82', '1', 'index', '0', '1', '0', '0', null, null, '0', 'Windows', null, null, 'Chrome', 'default', '61.172.57.230', '1510031465', '1510031465'), ('83', '1', 'index', '0', '1', '0', '0', null, null, '0', 'Windows', null, null, 'Chrome', 'default', '61.172.57.230', '1510031465', '1510031465'), ('84', '1', 'index', '0', '1', '0', '0', null, null, '0', 'Windows', null, null, 'Chrome', 'default', '101.226.233.155', '1510031567', '1510031567'), ('85', '1', 'index', '0', '1', '0', '0', null, null, '0', 'Windows', null, null, 'Chrome', 'default', '101.226.225.85', '1510031569', '1510031569'), ('86', '1', 'index', '0', '1', '0', '0', null, null, '0', 'Windows', null, null, 'Chrome', 'default', '61.129.7.217', '1510031570', '1510031570'), ('87', '1', 'index', '0', '1', '0', '0', null, null, '0', 'Windows', null, null, 'Chrome', 'default', '180.156.223.140', '1510031578', '1510031578'), ('88', '1', 'index', '0', '1', '0', '0', null, null, '0', 'Windows', null, null, 'Chrome', 'default', '101.226.233.154', '1510031580', '1510031580'), ('89', '1', 'index', '0', '1', '0', '0', null, null, '0', 'Windows', null, null, 'Chrome', 'default', '101.226.66.174', '1510031757', '1510031757'), ('90', '1', 'index', '0', '1', '0', '0', null, null, '0', 'Windows', null, null, 'Chrome', 'default', '101.226.66.174', '1510031758', '1510031758'), ('91', '1', 'index', '0', '1', '0', '0', null, null, '0', 'Windows', null, null, 'Chrome', 'default', '101.226.233.157', '1510032901', '1510032901'), ('92', '1', 'index', '0', '1', '0', '0', null, null, '0', 'Windows', null, null, 'Chrome', 'default', '61.129.6.151', '1510032902', '1510032902'), ('93', '1', 'index', '0', '1', '0', '0', null, null, '0', 'Windows', null, null, 'Chrome', 'default', '61.129.8.203', '1510032903', '1510032903'), ('94', '1', 'index', '0', '1', '0', '0', null, null, '0', 'Windows', null, null, 'Chrome', 'default', '101.226.233.147', '1510032904', '1510032904'), ('95', '1', 'index', '0', '1', '0', '0', null, null, '0', 'Windows', null, null, 'Chrome', 'default', '180.156.223.140', '1510032905', '1510032905'), ('96', '1', 'index', '0', '1', '0', '0', null, null, '0', 'Windows', null, null, 'Chrome', 'default', '180.156.223.140', '1510032905', '1510032905'), ('97', '1', 'index', '0', '1', '0', '0', null, null, '0', 'Windows', null, null, 'Chrome', 'default', '120.204.17.69', '1510032912', '1510032912'), ('98', '1', 'index', '0', '1', '0', '0', null, null, '0', 'Windows', null, null, 'Chrome', 'default', '180.156.223.140', '1510032920', '1510032920'), ('99', '1', 'index', '0', '1', '0', '0', null, null, '0', 'Windows', null, null, 'Chrome', 'default', '101.226.233.147', '1510032932', '1510032932'), ('100', '1', 'index', '0', '1', '0', '0', null, null, '0', 'Windows', null, null, 'Chrome', 'default', '180.156.223.140', '1510032935', '1510032935'), ('101', '1', 'index', '0', '1', '0', '0', null, null, '0', 'Windows', null, null, 'Chrome', 'default', '101.226.233.147', '1510032937', '1510032937'), ('102', '1', 'index', '0', '1', '0', '0', null, null, '0', 'Windows', null, null, 'Chrome', 'default', '180.156.223.140', '1510032939', '1510032939'), ('103', '1', 'index', '0', '1', '0', '0', null, null, '0', 'Windows', null, null, 'Chrome', 'default', '120.204.17.73', '1510032945', '1510032945'), ('104', '1', 'index', '0', '1', '0', '0', null, null, '0', 'Windows', null, null, 'Chrome', 'default', '120.204.17.69', '1510033049', '1510033049'), ('105', '1', 'index', '0', '1', '0', '0', null, null, '0', 'Windows', null, null, 'Chrome', 'default', '180.156.223.140', '1510033060', '1510033060'), ('106', '1', 'index', '0', '1', '0', '0', null, null, '0', 'Windows', null, null, 'Chrome', 'default', '180.156.223.140', '1510033067', '1510033067'), ('107', '1', 'index', '0', '1', '0', '0', null, null, '0', 'Windows', null, null, 'Chrome', 'default', '180.156.223.140', '1510035741', '1510035741'), ('108', '1', 'index', '0', '1', '0', '0', null, null, '0', 'Windows', null, null, 'Chrome', 'default', '180.156.223.140', '1510035759', '1510035759'), ('109', '1', 'index', '0', '1', '0', '0', null, null, '0', 'Windows', null, null, 'Chrome', 'default', '180.156.223.140', '1510040332', '1510040332'), ('110', '1', 'index', '0', '1', '0', '0', null, null, '0', 'Windows', null, null, 'Chrome', 'default', '180.156.223.140', '1510041227', '1510041227'), ('111', '1', 'index', '0', '1', '0', '0', null, null, '0', 'Windows', null, null, 'Chrome', 'default', '180.156.223.140', '1510050462', '1510050462'), ('112', '1', 'index', '0', '1', '0', '0', null, null, '0', 'Windows', null, null, 'Chrome', 'default', '180.156.223.140', '1510050479', '1510050479'), ('113', '1', 'index', '0', '1', '0', '0', null, null, '0', 'Windows', null, null, 'Chrome', 'default', '180.156.223.140', '1510064758', '1510064758'), ('114', '1', 'index', '0', '1', '0', '0', null, null, '0', 'Windows', null, null, 'Chrome', 'default', '180.156.223.140', '1510064763', '1510064763'), ('115', '1', 'index', '0', '1', '0', '0', null, null, '0', 'Windows', null, null, 'Chrome', 'default', '180.156.223.140', '1510064763', '1510064763'), ('116', '1', 'index', '0', '1', '0', '0', null, null, '0', 'Windows', null, null, 'Chrome', 'default', '180.156.223.140', '1510064815', '1510064815'), ('117', '1', 'index', '0', '1', '0', '0', null, null, '0', 'Windows', null, null, 'Chrome', 'default', '180.156.223.140', '1510064815', '1510064815'), ('118', '1', 'index', '0', '1', '0', '0', null, null, '0', 'Windows', null, null, 'Chrome', 'default', '180.156.223.140', '1510065148', '1510065148'), ('119', '1', 'index', '0', '1', '0', '0', null, null, '0', 'Windows', null, null, 'Chrome', 'default', '180.156.223.140', '1510065324', '1510065324'), ('120', '1', 'index', '0', '1', '0', '0', null, null, '0', 'Windows', null, null, 'Chrome', 'default', '180.156.223.140', '1510065324', '1510065324'), ('121', '1', 'index', '0', '1', '0', '0', null, null, '0', 'Windows', null, null, 'Chrome', 'default', '180.156.223.140', '1510074821', '1510074821'), ('122', '1', 'index', '0', '1', '0', '0', null, null, '0', 'Windows', null, null, 'Chrome', 'default', '180.156.223.140', '1510074822', '1510074822'), ('123', '1', 'index', '0', '1', '0', '0', null, null, '0', 'Windows', null, null, 'Chrome', 'default', '180.156.223.140', '1510074849', '1510074849'), ('124', '1', 'index', '0', '1', '0', '0', null, null, '0', 'Windows', null, null, 'Chrome', 'default', '180.156.223.140', '1510074850', '1510074850'), ('125', '1', 'index', '0', '1', '0', '0', null, null, '0', 'Windows', null, null, 'Chrome', 'default', '180.156.223.140', '1510074855', '1510074855'), ('126', '1', 'index', '0', '1', '0', '0', null, null, '0', 'Windows', null, null, 'Chrome', 'default', '180.156.223.140', '1510074870', '1510074870'), ('127', '1', 'index', '0', '1', '0', '0', null, null, '0', 'Windows', null, null, 'Chrome', 'default', '180.156.223.140', '1510074902', '1510074902'), ('128', '1', 'index', '0', '1', '0', '0', null, null, '0', 'Windows', null, null, 'Chrome', 'default', '180.156.223.140', '1510074941', '1510074941'), ('129', '1', 'index', '0', '1', '0', '0', null, null, '0', 'Windows', null, null, 'Chrome', 'default', '180.156.223.140', '1510075110', '1510075110'), ('130', '1', 'index', '0', '1', '0', '0', null, null, '0', 'Windows', null, null, 'Chrome', 'default', '180.156.223.140', '1510075138', '1510075138'), ('131', '1', 'index', '0', '1', '0', '0', null, null, '0', 'Windows', null, null, 'Chrome', 'default', '180.156.223.140', '1510075186', '1510075186'), ('132', '1', 'index', '0', '1', '0', '0', null, null, '0', 'Windows', null, null, 'Chrome', 'default', '180.156.223.140', '1510075208', '1510075208'), ('133', '1', 'index', '0', '1', '0', '0', null, null, '0', 'Windows', null, null, 'Chrome', 'default', '180.156.223.140', '1510075241', '1510075241'), ('134', '1', 'index', '0', '1', '0', '0', null, null, '0', 'Windows', null, null, 'Chrome', 'default', '180.156.223.140', '1510075253', '1510075253'), ('135', '1', 'index', '0', '1', '0', '0', null, null, '0', 'Windows', null, null, 'Chrome', 'default', '180.156.223.140', '1510075335', '1510075335'), ('136', '1', 'index', '0', '1', '0', '0', null, null, '0', 'Windows', null, null, 'Chrome', 'default', '180.156.223.140', '1510075491', '1510075491'), ('137', '1', 'index', '0', '1', '0', '0', null, null, '0', 'Windows', null, null, 'Chrome', 'default', '180.156.223.140', '1510075507', '1510075507'), ('138', '1', 'index', '0', '1', '0', '0', null, null, '0', 'Windows', null, null, 'Chrome', 'default', '14.215.176.142', '1510075695', '1510075695'), ('139', '1', 'index', '0', '1', '0', '0', null, null, '0', 'Windows', null, null, 'Chrome', 'default', '180.156.223.140', '1510076889', '1510076889'), ('140', '1', 'index', '0', '1', '0', '0', null, null, '0', 'Windows', null, null, 'Chrome', 'default', '180.156.223.140', '1510076890', '1510076890'), ('141', '1', 'index', '0', '1', '0', '0', null, null, '0', 'Windows', null, null, 'Chrome', 'default', '180.156.223.140', '1510076891', '1510076891'), ('142', '1', 'index', '0', '1', '0', '0', null, null, '0', 'Windows', null, null, 'Chrome', 'default', '180.156.223.140', '1510076924', '1510076924'), ('143', '1', 'index', '0', '1', '0', '0', null, null, '0', 'Windows', null, null, 'Chrome', 'default', '180.156.223.140', '1510076925', '1510076925'), ('144', '1', 'index', '0', '1', '0', '0', null, null, '0', 'Windows', null, null, 'Chrome', 'default', '180.156.223.140', '1510077184', '1510077184'), ('145', '1', 'index', '0', '1', '0', '0', null, null, '0', 'Windows', null, null, 'Chrome', 'default', '180.156.223.140', '1510077195', '1510077195'), ('146', '1', 'index', '0', '1', '0', '0', null, null, '0', 'Windows', null, null, 'Chrome', 'default', '180.156.223.140', '1510077196', '1510077196'), ('147', '1', 'index', '0', '1', '0', '0', null, null, '0', 'Windows', null, null, 'Chrome', 'default', '180.156.223.140', '1510077321', '1510077321'), ('148', '1', 'index', '0', '1', '0', '0', null, null, '0', 'Windows', null, null, 'Chrome', 'default', '180.156.223.140', '1510077322', '1510077322'), ('149', '1', 'index', '0', '1', '0', '0', null, null, '0', 'Windows', null, null, 'Chrome', 'default', '180.156.223.140', '1510077379', '1510077379'), ('150', '1', 'index', '0', '1', '0', '0', null, null, '0', 'Windows', null, null, 'Chrome', 'default', '180.156.223.140', '1510077379', '1510077379'), ('151', '1', 'index', '0', '1', '0', '0', null, null, '0', 'Windows', null, null, 'Chrome', 'default', '180.156.223.140', '1510077390', '1510077390'), ('152', '1', 'index', '0', '1', '0', '0', null, null, '0', 'Windows', null, null, 'Chrome', 'default', '180.156.223.140', '1510077391', '1510077391'), ('153', '1', 'index', '0', '1', '0', '0', null, null, '0', 'Windows', null, null, 'Chrome', 'default', '180.156.223.140', '1510077430', '1510077430'), ('154', '1', 'index', '0', '1', '0', '0', null, null, '0', 'Windows', null, null, 'Chrome', 'default', '180.156.223.140', '1510077430', '1510077430'), ('155', '1', 'index', '0', '1', '0', '0', null, null, '0', 'Windows', null, null, 'Chrome', 'default', '180.156.223.140', '1510077483', '1510077483'), ('156', '1', 'index', '0', '1', '0', '0', null, null, '0', 'Windows', null, null, 'Chrome', 'default', '180.156.223.140', '1510077483', '1510077483'), ('157', '1', 'index', '0', '1', '0', '0', null, null, '0', 'Windows', null, null, 'Chrome', 'default', '180.156.223.140', '1510077485', '1510077485'), ('158', '1', 'index', '0', '1', '0', '0', null, null, '0', 'Windows', null, null, 'Chrome', 'default', '180.156.223.140', '1510077487', '1510077487'), ('159', '1', 'index', '0', '1', '0', '0', null, null, '0', 'Windows', null, null, 'Chrome', 'default', '180.156.223.140', '1510077502', '1510077502'), ('160', '1', 'index', '0', '1', '0', '0', null, null, '0', 'Windows', null, null, 'Chrome', 'default', '180.156.223.140', '1510077502', '1510077502'), ('161', '1', 'index', '0', '1', '0', '0', null, null, '0', 'Windows', null, null, 'Chrome', 'default', '180.156.223.140', '1510077528', '1510077528'), ('162', '1', 'index', '0', '1', '0', '0', null, null, '0', 'Windows', null, null, 'Chrome', 'default', '180.156.223.140', '1510077528', '1510077528'), ('163', '1', 'index', '0', '1', '0', '0', null, null, '0', 'Windows', null, null, 'Chrome', 'default', '180.156.223.140', '1510077566', '1510077566'), ('164', '1', 'index', '0', '1', '0', '0', null, null, '0', 'Windows', null, null, 'Chrome', 'default', '180.156.223.140', '1510077566', '1510077566'), ('165', '1', 'index', '0', '1', '0', '0', null, null, '0', 'Windows', null, null, 'Chrome', 'default', '180.156.223.140', '1510077810', '1510077810'), ('166', '1', 'index', '0', '1', '0', '0', null, null, '0', 'Windows', null, null, 'Chrome', 'default', '180.156.223.140', '1510077811', '1510077811'), ('167', '1', 'index', '0', '1', '0', '0', null, null, '0', 'Windows', null, null, 'Chrome', 'default', '180.156.223.140', '1510077848', '1510077848'), ('168', '1', 'index', '0', '1', '0', '0', null, null, '0', 'Windows', null, null, 'Chrome', 'default', '180.156.223.140', '1510077849', '1510077849'), ('169', '1', 'index', '0', '1', '0', '0', null, null, '0', 'Windows', null, null, 'Chrome', 'default', '180.156.223.140', '1510077876', '1510077876'), ('170', '1', 'index', '0', '1', '0', '0', null, null, '0', 'Windows', null, null, 'Chrome', 'default', '180.156.223.140', '1510077876', '1510077876'), ('171', '1', 'index', '0', '1', '0', '0', null, null, '0', 'Windows', null, null, 'Chrome', 'default', '180.156.223.140', '1510077887', '1510077887'), ('172', '1', 'index', '0', '1', '0', '0', null, null, '0', 'Windows', null, null, 'Chrome', 'default', '180.156.223.140', '1510077888', '1510077888'), ('173', '1', 'index', '0', '1', '0', '0', null, null, '0', 'Windows', null, null, 'Chrome', 'default', '180.156.223.140', '1510079046', '1510079046'), ('174', '1', 'index', '0', '1', '0', '0', '', null, '0', 'Windows', null, null, 'Chrome', 'default', '180.156.223.140', '1510119847', '1510119847'), ('175', '1', 'index', '0', '1', '0', '0', '', null, '0', 'Windows', null, null, 'Chrome', 'default', '180.156.223.140', '1510119847', '1510119847'), ('176', '1', 'index', '0', '1', '0', '0', 'wechat', null, '0', 'Windows', null, null, 'Chrome', 'default', '180.156.223.140', '1510119859', '1510119859'), ('177', '1', 'index', '0', '1', '0', '0', 'wechat', null, '0', 'Windows', null, null, 'Chrome', 'default', '180.156.223.140', '1510119859', '1510119859'), ('178', '1', 'index', '0', '1', '0', '0', 'wechat', null, '0', 'Windows', null, null, 'Chrome', 'default', '180.156.223.140', '1510119878', '1510119878'), ('179', '1', 'index', '0', '1', '0', '0', 'wechat', null, '0', 'Windows', null, null, 'Chrome', 'default', '180.156.223.140', '1510119879', '1510119879'), ('180', '1', 'index', '0', '1', '0', '0', 'wechat', null, '0', 'Windows', null, null, 'Chrome', 'default', '180.156.223.140', '1510120037', '1510120037'), ('181', '1', 'index', '0', '1', '0', '0', 'wechat', null, '0', 'Windows', null, null, 'Chrome', 'default', '180.156.223.140', '1510120083', '1510120083'), ('182', '1', 'index', '0', '1', '0', '0', 'wechat', null, '0', 'Windows', null, null, 'Chrome', 'default', '180.156.223.140', '1510120083', '1510120083'), ('183', '1', 'index', '0', '1', '0', '0', 'wechat', null, '0', 'Windows', null, null, 'Chrome', 'default', '180.156.223.140', '1510120083', '1510120083'), ('184', '1', 'index', '0', '1', '0', '0', 'wechat', null, '0', 'Windows', null, null, 'Chrome', 'default', '180.156.223.140', '1510120098', '1510120098'), ('185', '1', 'index', '0', '1', '0', '0', 'wechat', null, '0', 'Windows', null, null, 'Chrome', 'default', '180.156.223.140', '1510120098', '1510120098'), ('186', '1', 'index', '0', '1', '0', '0', '', null, '0', 'Windows', null, null, 'Chrome', 'default', '180.156.223.140', '1510127590', '1510127590'), ('187', '1', 'index', '0', '1', '0', '0', '', null, '0', 'Windows', null, null, 'Chrome', 'default', '180.156.223.140', '1510127591', '1510127591'), ('188', '1', 'index', '0', '1', '0', '0', '', null, '0', 'Windows', null, null, 'Chrome', 'default', '180.156.223.140', '1510127599', '1510127599'), ('189', '1', 'index', '0', '1', '0', '0', '', null, '0', 'Windows', null, null, 'Chrome', 'default', '180.156.223.140', '1510127600', '1510127600'), ('190', '1', 'index', '0', '1', '0', '0', '', null, '0', 'Windows', null, null, 'Chrome', 'default', '180.156.223.140', '1510127856', '1510127856'), ('191', '1', 'index', '0', '1', '0', '0', '', null, '0', 'Windows', null, null, 'Chrome', 'default', '180.156.223.140', '1510127856', '1510127856'), ('192', '2', 'product', '0', '1', '0', '0', '', null, '0', 'Windows', null, null, 'Chrome', 'default', '180.156.223.140', '1510127856', '1510127856'), ('193', '2', 'product', '0', '1', '0', '0', '', null, '0', 'Windows', null, null, 'Chrome', 'default', '180.156.223.140', '1510127867', '1510127867'), ('194', '1', 'index', '0', '1', '0', '0', '', null, '0', 'Windows', null, null, 'Chrome', 'default', '180.156.223.140', '1510127873', '1510127873'), ('195', '1', 'index', '0', '1', '0', '0', '', null, '0', 'Windows', null, null, 'Chrome', 'default', '180.156.223.140', '1510127873', '1510127873'), ('196', '2', 'activity', '0', '1', '0', '0', '', null, '0', 'Windows', null, null, 'Chrome', 'default', '180.156.223.140', '1510127914', '1510127914'), ('197', '1', 'index', '0', '1', '0', '0', null, null, '0', 'Windows', null, null, 'Chrome', 'default', '180.156.223.140', '1510127949', '1510127949'), ('198', '1', 'index', '0', '1', '0', '0', null, null, '0', 'Windows', null, null, 'Chrome', 'default', '180.156.223.140', '1510127949', '1510127949'), ('199', '2', 'product', '0', '1', '0', '0', null, null, '0', 'Windows', null, null, 'Chrome', 'default', '180.156.223.140', '1510128109', '1510128109'), ('200', '3', 'product', '0', '1', '3', '0', null, null, '0', 'Windows', null, null, 'Chrome', 'default', '180.156.223.140', '1510128112', '1510128112'), ('201', '1', 'index', '0', '1', '0', '0', null, null, '0', 'Windows', null, null, 'Chrome', 'default', '180.156.223.140', '1510128131', '1510128131'), ('202', '1', 'index', '0', '1', '0', '0', null, null, '0', 'Windows', null, null, 'Chrome', 'default', '180.156.223.140', '1510128131', '1510128131'), ('203', '1', 'index', '0', '1', '0', '0', null, null, '0', 'Windows', null, null, 'Chrome', 'default', '180.156.223.140', '1510128239', '1510128239'), ('204', '1', 'index', '0', '1', '0', '0', null, null, '0', 'Windows', null, null, 'Chrome', 'default', '180.156.223.140', '1510128263', '1510128263'), ('205', '1', 'index', '0', '1', '0', '0', null, null, '0', 'Windows', null, null, 'Chrome', 'default', '180.156.223.140', '1510128276', '1510128276'), ('206', '3', 'product', '0', '1', '3', '0', null, null, '0', 'Windows', null, null, 'Chrome', 'default', '180.156.223.140', '1510128285', '1510128285'), ('207', '1', 'index', '0', '1', '0', '0', null, null, '0', 'Windows', null, null, 'Chrome', 'default', '180.156.223.140', '1510128291', '1510128291'), ('208', '1', 'index', '0', '1', '0', '0', null, null, '0', 'Windows', null, null, 'Chrome', 'default', '180.156.223.140', '1510128299', '1510128299'), ('209', '1', 'index', '0', '1', '0', '0', null, null, '0', 'Windows', null, null, 'Chrome', 'default', '180.156.223.140', '1510128308', '1510128308'), ('210', '3', 'product', '0', '1', '3', '0', null, null, '0', 'Windows', null, null, 'Chrome', 'default', '180.156.223.140', '1510128319', '1510128319'), ('211', '1', 'index', '0', '1', '0', '0', null, null, '0', 'Windows', null, null, 'Chrome', 'default', '180.156.223.140', '1510128321', '1510128321'), ('212', '3', 'product', '0', '1', '3', '0', null, null, '0', 'Windows', null, null, 'Chrome', 'default', '180.156.223.140', '1510128324', '1510128324'), ('213', '1', 'index', '0', '1', '0', '0', null, null, '0', 'Windows', null, null, 'Chrome', 'default', '180.156.223.140', '1510128325', '1510128325'), ('214', '3', 'product', '0', '1', '3', '0', null, null, '0', 'Windows', null, null, 'Chrome', 'default', '180.156.223.140', '1510128599', '1510128599'), ('215', '2', 'article', '0', '1', '0', '0', null, null, '0', 'Windows', null, null, 'Chrome', 'default', '180.156.223.140', '1510129983', '1510129983'), ('216', '2', 'article', '0', '1', '0', '0', null, null, '0', 'Windows', null, null, 'Chrome', 'default', '180.156.223.140', '1510129986', '1510129986'), ('217', '2', 'article', '0', '1', '0', '0', null, null, '0', 'Windows', null, null, 'Chrome', 'default', '180.156.223.140', '1510129987', '1510129987'), ('218', '2', 'survey', '0', '1', '0', '0', null, null, '0', 'Windows', null, null, 'Chrome', 'default', '180.156.223.140', '1510130287', '1510130287'), ('219', '2', 'survey', '0', '1', '0', '0', null, null, '0', 'Windows', null, null, 'Chrome', 'default', '180.156.223.140', '1510130294', '1510130294'), ('220', '1', 'index', '0', '1', '0', '0', null, null, '0', 'Windows', null, null, 'Chrome', 'default', '180.156.223.140', '1510132049', '1510132049'), ('221', '1', 'index', '0', '1', '0', '0', null, null, '0', 'Windows', null, null, 'Chrome', 'default', '180.156.223.140', '1510132051', '1510132051'), ('222', '3', 'product', '0', '1', '8', '0', null, null, '0', 'Windows', null, null, 'Chrome', 'default', '180.156.223.140', '1510132056', '1510132056'), ('223', '3', 'product', '0', '1', '8', '0', null, null, '0', 'Windows', null, null, 'Chrome', 'default', '180.156.223.140', '1510135017', '1510135017'), ('224', '3', 'product', '0', '1', '8', '0', null, null, '0', 'Windows', null, null, 'Chrome', 'default', '180.156.223.140', '1510135469', '1510135469'), ('225', '3', 'product', '0', '1', '8', '0', null, null, '0', 'Windows', null, null, 'Chrome', 'default', '180.156.223.140', '1510135471', '1510135471'), ('226', '3', 'product', '0', '1', '8', '0', null, null, '0', 'Windows', null, null, 'Chrome', 'default', '180.156.223.140', '1510135473', '1510135473'), ('227', '3', 'activity', '0', '1', '1', '0', null, null, '0', 'Windows', null, null, 'Chrome', 'default', '180.156.223.140', '1510135861', '1510135861'), ('228', '3', 'slide', '0', '1', '18', '0', null, null, '0', 'Windows', null, null, 'Chrome', 'default', '180.156.223.140', '1510135888', '1510135888'), ('229', '3', 'slide', '0', '1', '17', '0', null, null, '0', 'Windows', null, null, 'Chrome', 'default', '180.156.223.140', '1510135906', '1510135906'), ('230', '3', 'slide', '0', '1', '16', '0', null, null, '0', 'Windows', null, null, 'Chrome', 'default', '180.156.223.140', '1510135908', '1510135908'), ('231', '3', 'survey', '0', '1', '1', '0', null, null, '0', 'Windows', null, null, 'Chrome', 'default', '180.156.223.140', '1510135949', '1510135949'), ('232', '3', 'article', '0', '1', '2', '0', null, null, '0', 'Windows', null, null, 'Chrome', 'default', '180.156.223.140', '1510135972', '1510135972'), ('233', '3', 'article', '0', '1', '1', '0', null, null, '0', 'Windows', null, null, 'Chrome', 'default', '180.156.223.140', '1510135973', '1510135973'), ('234', '3', 'article', '0', '1', '2', '0', null, null, '0', 'Windows', null, null, 'Chrome', 'default', '180.156.223.140', '1510135995', '1510135995'), ('235', '2', 'activity', '0', '1', '0', '0', null, null, '0', 'Windows', null, null, 'Chrome', 'default', '180.156.223.140', '1510136909', '1510136909'), ('236', '2', 'survey', '0', '1', '0', '0', null, null, '0', 'Windows', null, null, 'Chrome', 'default', '180.156.223.140', '1510136910', '1510136910'), ('237', '2', 'article', '0', '1', '0', '0', null, null, '0', 'Windows', null, null, 'Chrome', 'default', '180.156.223.140', '1510136911', '1510136911'), ('238', '2', 'product', '0', '1', '0', '0', null, null, '0', 'Windows', null, null, 'Chrome', 'default', '180.156.223.140', '1510136913', '1510136913'), ('239', '1', 'index', '0', '1', '0', '0', null, null, '0', 'Windows', null, null, 'Chrome', 'default', '180.156.223.140', '1510136913', '1510136913'), ('240', '1', 'index', '0', '1', '0', '0', null, null, '0', 'Windows', null, null, 'Chrome', 'default', '180.156.223.140', '1510136914', '1510136914'), ('241', '1', 'index', '0', '1', '0', '0', null, null, '0', 'Windows', null, null, 'Chrome', 'default', '180.156.223.140', '1510136918', '1510136918'), ('242', '1', 'index', '0', '1', '0', '0', null, null, '0', 'Windows', null, null, 'Chrome', 'default', '180.156.223.140', '1510136918', '1510136918'), ('243', '2', 'activity', '0', '1', '0', '0', null, null, '0', 'Windows', null, null, 'Chrome', 'default', '180.156.223.140', '1510136921', '1510136921'), ('244', '2', 'survey', '0', '1', '0', '0', null, null, '0', 'Windows', null, null, 'Chrome', 'default', '180.156.223.140', '1510136922', '1510136922'), ('245', '2', 'article', '0', '1', '0', '0', null, null, '0', 'Windows', null, null, 'Chrome', 'default', '180.156.223.140', '1510136923', '1510136923'), ('246', '1', 'index', '0', '1', '0', '0', null, null, '0', 'Windows', null, null, 'Chrome', 'default', '180.156.223.140', '1510137844', '1510137844'), ('247', '1', 'index', '0', '1', '0', '0', null, null, '0', 'Windows', null, null, 'Chrome', 'default', '180.156.223.140', '1510149156', '1510149156'), ('248', '1', 'index', '0', '1', '0', '0', null, null, '0', 'Windows', null, null, 'Chrome', 'default', '14.215.176.7', '1510150041', '1510150041'), ('249', '1', 'index', '0', '1', '0', '0', null, null, '0', 'Windows', null, null, 'Chrome', 'default', '180.156.223.140', '1510157622', '1510157622'), ('250', '1', 'index', '0', '1', '0', '0', null, null, '0', 'Windows', null, null, 'Chrome', 'default', '180.156.223.140', '1510157623', '1510157623'), ('251', '1', 'index', '0', '1', '0', '0', null, null, '0', 'Windows', null, null, 'Chrome', 'default', '180.156.223.140', '1510157652', '1510157652'), ('252', '1', 'index', '0', '1', '0', '0', null, null, '0', 'Windows', null, null, 'Chrome', 'default', '180.156.223.140', '1510157652', '1510157652'), ('253', '1', 'index', '0', '1', '0', '0', null, null, '0', 'Windows', null, null, 'Chrome', 'default', '180.156.223.140', '1510157754', '1510157754'), ('254', '1', 'index', '0', '1', '0', '0', null, null, '0', 'Windows', null, null, 'Chrome', 'default', '180.156.223.140', '1510157754', '1510157754'), ('255', '1', 'index', '0', '1', '0', '0', null, null, '0', 'Windows', null, null, 'Chrome', 'default', '180.156.223.140', '1510157754', '1510157754'), ('256', '1', 'index', '0', '1', '0', '0', null, null, '0', 'Windows', null, null, 'Chrome', 'default', '180.156.223.140', '1510157754', '1510157754'), ('257', '1', 'index', '0', '1', '0', '0', null, null, '0', 'Windows', null, null, 'Chrome', 'default', '180.156.223.140', '1510157768', '1510157768'), ('258', '1', 'index', '0', '1', '0', '0', null, null, '0', 'Windows', null, null, 'Chrome', 'default', '180.156.223.140', '1510157768', '1510157768'), ('259', '1', 'index', '0', '1', '0', '0', null, null, '0', 'Windows', null, null, 'Chrome', 'default', '180.156.223.140', '1510157996', '1510157996'), ('260', '1', 'index', '0', '1', '0', '0', null, null, '0', 'Windows', null, null, 'Chrome', 'default', '180.156.223.140', '1510157996', '1510157996'), ('261', '1', 'index', '0', '1', '0', '0', null, null, '0', 'Windows', null, null, 'Chrome', 'default', '180.156.223.140', '1510157996', '1510157996'), ('262', '1', 'index', '0', '1', '0', '0', null, null, '0', 'Windows', null, null, 'Chrome', 'default', '180.156.223.140', '1510157997', '1510157997'), ('263', '1', 'index', '0', '1', '0', '0', null, null, '0', 'Windows', null, null, 'Chrome', 'default', '180.156.223.140', '1510158010', '1510158010'), ('264', '1', 'index', '0', '1', '0', '0', null, null, '0', 'Windows', null, null, 'Chrome', 'default', '180.156.223.140', '1510158010', '1510158010'), ('265', '1', 'index', '0', '1', '0', '0', null, null, '0', 'Windows', null, null, 'Chrome', 'default', '180.156.223.140', '1510158022', '1510158022'), ('266', '1', 'index', '0', '1', '0', '0', null, null, '0', 'Windows', null, null, 'Chrome', 'default', '180.156.223.140', '1510158022', '1510158022'), ('267', '1', 'index', '0', '1', '0', '0', null, null, '0', 'iPad', null, null, 'Firefox', 'default', '180.156.223.140', '1510158068', '1510158068'), ('268', '1', 'index', '0', '1', '0', '0', null, null, '0', 'iPad', null, null, 'Safari', 'default', '180.156.223.140', '1510158093', '1510158093'), ('269', '1', 'index', '0', '1', '0', '0', null, null, '0', 'iPhone', null, null, 'Ohters', 'WeChat', '101.226.233.157', '1510158172', '1510158172'), ('270', '1', 'index', '0', '1', '0', '0', null, null, '0', 'Windows', null, null, 'Chrome', 'default', '101.226.226.221', '1510158173', '1510158173'), ('271', '1', 'index', '0', '1', '0', '0', null, null, '0', 'Windows', null, null, 'Chrome', 'default', '61.151.178.169', '1510158174', '1510158174'), ('272', '1', 'index', '0', '1', '0', '0', null, null, '0', 'Android', null, null, 'Chrome', 'WeChat', '120.204.17.67', '1510158181', '1510158181'), ('273', '1', 'index', '0', '1', '0', '0', null, null, '0', 'Android', null, null, 'Safari', 'default', '120.204.17.68', '1510158183', '1510158183'), ('274', '1', 'index', '0', '1', '0', '0', null, null, '0', 'iPhone', null, null, 'Ohters', 'WeChat', '183.192.201.97', '1510158183', '1510158183'), ('275', '1', 'index', '0', '1', '0', '0', null, null, '0', 'iPhone', null, null, 'Ohters', 'WeChat', '180.156.223.140', '1510158204', '1510158204'), ('276', '1', 'index', '0', '1', '0', '0', null, null, '0', 'iPhone', null, null, 'Ohters', 'WeChat', '101.226.233.151', '1510158204', '1510158204'), ('277', '1', 'index', '0', '1', '0', '0', null, null, '0', 'iPhone', null, null, 'Ohters', 'WeChat', '180.156.223.140', '1510158222', '1510158222'), ('278', '1', 'index', '0', '1', '0', '0', null, null, '0', 'iPhone', null, null, 'Ohters', 'QQ', '183.57.53.222', '1510158247', '1510158247'), ('279', '1', 'index', '0', '1', '0', '0', null, null, '0', 'iPhone', null, null, 'Ohters', 'QQ', '180.156.223.140', '1510158248', '1510158248'), ('280', '1', 'index', '0', '1', '0', '0', null, null, '0', 'Windows', null, null, 'Chrome', 'default', '120.204.17.67', '1510158257', '1510158257'), ('281', '1', 'index', '0', '1', '0', '0', null, null, '0', 'iPhone', null, null, 'Ohters', 'QQ', '180.156.223.140', '1510158287', '1510158287'), ('282', '1', 'index', '0', '1', '0', '0', null, null, '0', 'iPhone', null, null, 'Ohters', 'QQ', '180.156.223.140', '1510158291', '1510158291'), ('283', '1', 'index', '0', '1', '0', '0', null, null, '0', 'iPhone', null, null, 'Ohters', 'QQ', '180.156.223.140', '1510158321', '1510158321'), ('284', '1', 'index', '0', '1', '0', '0', null, null, '0', 'iPhone', null, null, 'Ohters', 'QQ', '180.156.223.140', '1510158325', '1510158325'), ('285', '1', 'index', '0', '1', '0', '0', null, null, '0', 'Mac', null, null, 'Chrome', 'default', '180.156.223.140', '1510158362', '1510158362'), ('286', '1', 'index', '0', '1', '0', '0', null, null, '0', 'Mac', null, null, 'Chrome', 'default', '180.156.223.140', '1510158362', '1510158362'), ('287', '1', 'index', '0', '1', '0', '0', null, null, '1', 'iPad', null, null, 'Safari', 'default', '180.156.223.140', '1510158556', '1510158556'), ('288', '1', 'index', '0', '1', '0', '0', null, null, '0', 'Windows', null, null, 'Chrome', 'default', '180.156.223.140', '1510158592', '1510158592'), ('289', '1', 'index', '0', '1', '0', '0', null, null, '0', 'Windows', null, null, 'Chrome', 'default', '180.156.223.140', '1510158593', '1510158593'), ('290', '1', 'index', '0', '1', '0', '0', null, null, '1', 'iPad', null, null, 'Firefox', 'default', '180.156.223.140', '1510158694', '1510158694'), ('291', '1', 'index', '0', '1', '0', '0', null, null, '1', 'iPad', null, null, 'Safari', 'default', '180.156.223.140', '1510158694', '1510158694'), ('292', '1', 'index', '0', '1', '0', '0', null, null, '1', 'iPhone', null, null, 'Ohters', 'QQ', '180.156.223.140', '1510158694', '1510158694'), ('293', '1', 'index', '0', '1', '0', '0', null, null, '1', 'iPhone', null, null, 'Ohters', 'WeChat', '101.226.233.141', '1510158694', '1510158694'), ('294', '1', 'index', '0', '1', '0', '0', null, null, '1', 'iPad', null, null, 'Firefox', 'default', '180.156.223.140', '1510158694', '1510158694'), ('295', '1', 'index', '0', '1', '0', '0', null, null, '1', 'iPhone', null, null, 'Ohters', 'WeChat', '120.204.17.72', '1510158694', '1510158694'), ('296', '1', 'index', '0', '1', '0', '0', null, null, '0', 'Windows', null, null, 'Chrome', 'default', '180.156.223.140', '1510158695', '1510158695'), ('297', '1', 'index', '0', '1', '0', '0', null, null, '0', 'Windows', null, null, 'Chrome', 'default', '180.156.223.140', '1510158696', '1510158696'), ('298', '1', 'index', '0', '1', '0', '0', null, null, '1', 'iPad', null, null, 'Firefox', 'default', '180.156.223.140', '1510158796', '1510158796'), ('299', '1', 'index', '0', '1', '0', '0', null, null, '1', 'Android', null, null, 'Chrome', 'WeChat', '120.204.17.46', '1510158796', '1510158796'), ('300', '1', 'index', '0', '1', '0', '0', null, null, '0', 'Mac', null, null, 'Firefox', 'default', '180.156.223.140', '1510158797', '1510158797'), ('301', '1', 'index', '0', '1', '0', '0', null, null, '0', 'Mac', null, null, 'Chrome', 'default', '180.156.223.140', '1510158797', '1510158797'), ('302', '1', 'index', '0', '1', '0', '0', null, null, '1', 'Android', null, null, 'Chrome', 'default', '121.51.32.144', '1510158797', '1510158797'), ('303', '1', 'index', '0', '1', '0', '0', null, null, '0', 'Mac', null, null, 'Chrome', 'default', '180.156.223.140', '1510158797', '1510158797'), ('304', '1', 'index', '0', '1', '0', '0', null, null, '0', 'Windows', null, null, 'Chrome', 'default', '180.156.223.140', '1510158801', '1510158801'), ('305', '1', 'index', '0', '1', '0', '0', null, null, '0', 'Windows', null, null, 'Chrome', 'default', '180.156.223.140', '1510158801', '1510158801'), ('306', '1', 'index', '0', '1', '0', '0', null, null, '1', 'iPad', null, null, 'Safari', 'default', '180.156.223.140', '1510158927', '1510158927'), ('307', '1', 'index', '0', '1', '0', '0', null, null, '1', 'iPad', null, null, 'Safari', 'default', '180.156.223.140', '1510158927', '1510158927'), ('308', '1', 'index', '0', '1', '0', '0', null, null, '0', 'Windows', null, null, 'Chrome', 'default', '180.156.223.140', '1510158927', '1510158927'), ('309', '1', 'index', '0', '1', '0', '0', null, null, '1', 'iPhone', null, null, 'Ohters', 'QQ', '180.156.223.140', '1510158927', '1510158927'), ('310', '1', 'index', '0', '1', '0', '0', null, null, '0', 'Windows', null, null, 'Chrome', 'default', '180.156.223.140', '1510158927', '1510158927'), ('311', '1', 'index', '0', '1', '0', '0', null, null, '1', 'iPhone', null, null, 'Ohters', 'WeChat', '180.156.223.140', '1510158927', '1510158927'), ('312', '3', 'product', '0', '1', '8', '0', null, null, '1', 'iPhone', null, null, 'Ohters', 'QQ', '180.156.223.140', '1510159065', '1510159065'), ('313', '3', 'product', '0', '1', '8', '0', null, null, '0', 'Windows', null, null, 'Ohters', 'default', '120.204.17.46', '1510159065', '1510159065'), ('314', '3', 'product', '0', '1', '8', '0', null, null, '1', 'iPad', null, null, 'Safari', 'default', '180.156.223.140', '1510159065', '1510159065'), ('315', '3', 'product', '0', '1', '8', '0', null, null, '0', 'Windows', null, null, 'Chrome', 'default', '180.156.223.140', '1510159065', '1510159065'), ('316', '3', 'product', '0', '1', '8', '0', null, null, '0', 'Mac', null, null, 'Chrome', 'default', '180.156.223.140', '1510159132', '1510159132'), ('317', '1', 'index', '0', '1', '0', '0', null, null, '1', 'iPad', null, null, 'Firefox', 'default', '180.156.223.140', '1510159254', '1510159254'), ('318', '1', 'index', '0', '1', '0', '0', null, null, '1', 'iPad', null, null, 'Ohters', 'QQ', '180.156.223.140', '1510159289', '1510159289'), ('319', '1', 'index', '0', '1', '0', '0', null, null, '0', 'Mac', null, null, 'Firefox', 'default', '180.156.223.140', '1510159645', '1510159645'), ('320', '1', 'index', '0', '1', '0', '0', null, null, '0', 'Mac', null, null, 'Firefox', 'default', '180.156.223.140', '1510159646', '1510159646'), ('321', '3', 'product', '0', '1', '8', '0', null, null, '0', 'Windows', null, null, 'Firefox', 'default', '111.206.36.8', '1510159782', '1510159782'), ('322', '1', 'index', '0', '1', '0', '0', null, null, '0', 'Windows', null, null, 'Chrome', 'QQ', '180.156.223.140', '1510160073', '1510160073'), ('323', '1', 'index', '0', '1', '0', '0', null, null, '0', 'Windows', null, null, 'Chrome', 'QQ', '180.156.223.140', '1510160076', '1510160076'), ('324', '3', 'article', '0', '1', '2', '0', null, null, '0', 'Windows', null, null, 'Chrome', 'default', '180.156.223.140', '1510160552', '1510160552'), ('325', '1', 'index', '0', '1', '0', '0', null, null, '1', 'iPhone', null, null, 'Ohters', 'QQ', '180.156.223.140', '1510160698', '1510160698'), ('326', '3', 'article', '0', '1', '2', '0', null, null, '1', 'iPhone', null, null, 'Safari', 'default', '180.156.223.140', '1510161174', '1510161174'), ('327', '3', 'article', '0', '1', '2', '0', null, null, '1', 'iPhone', null, null, 'Ohters', 'QQ', '101.226.68.215', '1510161788', '1510161788'), ('328', '3', 'article', '0', '1', '2', '0', null, null, '0', 'Windows', null, null, 'Chrome', 'default', '121.51.32.144', '1510161797', '1510161797'), ('329', '3', 'article', '0', '1', '2', '0', null, null, '1', 'iPhone', null, null, 'Ohters', 'QQ', '180.156.223.140', '1510161812', '1510161812'), ('330', '3', 'article', '0', '1', '2', '0', null, null, '0', 'Windows', null, null, 'Firefox', 'default', '120.204.17.46', '1510161821', '1510161821'), ('331', '3', 'article', '0', '1', '2', '0', null, null, '1', 'iPhone', null, null, 'Ohters', 'WeChat', '101.226.233.157', '1510161831', '1510161831'), ('332', '3', 'article', '0', '1', '2', '0', null, null, '0', 'Windows', null, null, 'Chrome', 'default', '120.204.17.73', '1510161833', '1510161833'), ('333', '3', 'article', '0', '1', '2', '0', null, null, '0', 'Windows', null, null, 'Chrome', 'default', '61.129.6.79', '1510161837', '1510161837'), ('334', '3', 'article', '0', '1', '2', '0', null, null, '0', 'Windows', null, null, 'Firefox', 'default', '103.47.136.74', '1510161839', '1510161839'), ('335', '3', 'article', '0', '1', '2', '0', null, null, '1', 'iPhone', null, null, 'Ohters', 'WeChat', '180.156.223.140', '1510161846', '1510161846'), ('336', '3', 'article', '0', '1', '2', '0', null, null, '1', 'iPhone', null, null, 'Ohters', 'WeChat', '101.226.233.158', '1510161846', '1510161846'), ('337', '3', 'article', '0', '1', '2', '0', null, null, '1', 'iPhone', null, null, 'Ohters', 'WeChat', '180.156.223.140', '1510161850', '1510161850'), ('338', '3', 'article', '0', '1', '2', '0', null, null, '1', 'Android', null, null, 'Chrome', 'default', '120.204.17.46', '1510161898', '1510161898'), ('339', '3', 'article', '0', '1', '1', '0', null, null, '1', 'iPhone', null, null, 'Safari', 'default', '180.156.223.140', '1510186940', '1510186940'), ('340', '3', 'article', '0', '1', '1', '0', null, null, '0', 'Windows', null, null, 'Firefox', 'default', '111.206.36.145', '1510186945', '1510186945'), ('341', '1', 'index', '0', '1', '0', '0', null, null, '1', 'iPhone', null, null, 'Safari', 'default', '180.156.223.140', '1510186985', '1510186985'), ('342', '2', 'activity', '0', '1', '0', '0', null, null, '1', 'iPhone', null, null, 'Safari', 'default', '180.156.223.140', '1510187008', '1510187008'), ('343', '2', 'article', '0', '1', '0', '0', null, null, '1', 'iPhone', null, null, 'Safari', 'default', '180.156.223.140', '1510187030', '1510187030'), ('344', '1', 'index', '0', '1', '0', '0', null, null, '0', 'Windows', null, null, 'Chrome', 'default', '180.156.223.140', '1510214850', '1510214850'), ('345', '1', 'index', '0', '1', '0', '0', null, null, '0', 'Windows', null, null, 'Chrome', 'default', '180.156.223.140', '1510214850', '1510214850'), ('346', '1', 'index', '0', '1', '0', '0', null, null, '0', 'Windows', null, null, 'Chrome', 'default', '180.156.223.140', '1510216384', '1510216384'), ('347', '1', 'index', '0', '1', '0', '0', null, null, '1', 'iPhone', null, null, 'Safari', 'default', '180.156.223.140', '1510225733', '1510225733'), ('348', '1', 'index', '0', '1', '0', '0', null, null, '0', 'Windows', null, null, 'Chrome', 'default', '180.156.223.140', '1510226551', '1510226551'), ('349', '1', 'index', '0', '1', '0', '0', null, null, '0', 'Windows', null, null, 'Chrome', 'default', '180.156.223.140', '1510226554', '1510226554'), ('350', '1', 'index', '0', '1', '0', '0', null, null, '0', 'Windows', null, null, 'Chrome', 'default', '180.156.223.140', '1510226554', '1510226554'), ('351', '1', 'index', '0', '1', '0', '0', null, null, '0', 'Windows', null, null, 'Chrome', 'default', '180.156.223.140', '1510226632', '1510226632'), ('352', '1', 'index', '0', '1', '0', '0', null, null, '0', 'Windows', null, null, 'Chrome', 'default', '180.156.223.140', '1510226632', '1510226632'), ('353', '1', 'index', '0', '1', '0', '0', null, null, '0', 'Windows', null, null, 'Chrome', 'default', '180.156.223.140', '1510226706', '1510226706'), ('354', '1', 'index', '0', '1', '0', '0', null, null, '0', 'Windows', null, null, 'Chrome', 'default', '180.156.223.140', '1510226706', '1510226706'), ('355', '1', 'index', '0', '1', '0', '0', null, null, '1', 'iPhone', null, null, 'Safari', 'default', '180.156.223.140', '1510226898', '1510226898'), ('356', '1', 'index', '0', '1', '0', '0', null, null, '0', 'Windows', null, null, 'Chrome', 'default', '180.156.223.140', '1510226903', '1510226903'), ('357', '1', 'index', '0', '1', '0', '0', null, null, '0', 'Windows', null, null, 'Chrome', 'default', '180.156.223.140', '1510226904', '1510226904'), ('358', '1', 'index', '0', '1', '0', '0', null, null, '0', 'Windows', null, null, 'Chrome', 'default', '180.156.223.140', '1510226904', '1510226904'), ('359', '1', 'index', '0', '1', '0', '0', null, null, '1', 'iPhone', null, null, 'Safari', 'default', '180.156.223.140', '1510227323', '1510227323'), ('360', '1', 'index', '0', '1', '0', '0', null, null, '0', 'Windows', null, null, 'Chrome', 'default', '180.156.223.140', '1510227332', '1510227332'), ('361', '1', 'index', '0', '1', '0', '0', null, null, '0', 'Windows', null, null, 'Chrome', 'default', '180.156.223.140', '1510227351', '1510227351'), ('362', '1', 'index', '0', '1', '0', '0', null, null, '0', 'Windows', null, null, 'Chrome', 'default', '180.156.223.140', '1510227351', '1510227351'), ('363', '1', 'index', '0', '1', '0', '0', null, null, '0', 'Windows', null, null, 'Chrome', 'default', '180.156.223.140', '1510227573', '1510227573'), ('364', '1', 'index', '0', '1', '0', '0', null, null, '0', 'Windows', null, null, 'Chrome', 'default', '180.156.223.140', '1510227573', '1510227573'), ('365', '1', 'index', '0', '1', '0', '0', null, null, '0', 'Windows', null, null, 'Chrome', 'default', '180.156.223.140', '1510227573', '1510227573'), ('366', '1', 'index', '0', '1', '0', '0', null, null, '0', 'Windows', null, null, 'Chrome', 'default', '180.156.223.140', '1510227573', '1510227573'), ('367', '1', 'index', '0', '1', '0', '0', null, null, '0', 'Windows', null, null, 'Chrome', 'default', '180.156.223.140', '1510227853', '1510227853'), ('368', '1', 'index', '0', '1', '0', '0', null, null, '0', 'Windows', null, null, 'Chrome', 'default', '180.156.223.140', '1510227854', '1510227854'), ('369', '1', 'index', '0', '1', '0', '0', null, null, '0', 'Windows', null, null, 'Chrome', 'default', '180.156.223.140', '1510227962', '1510227962'), ('370', '1', 'index', '0', '1', '0', '0', null, null, '0', 'Windows', null, null, 'Chrome', 'default', '180.156.223.140', '1510227965', '1510227965'), ('371', '1', 'index', '0', '1', '0', '0', null, null, '0', 'Windows', null, null, 'Chrome', 'default', '180.156.223.140', '1510228220', '1510228220'), ('372', '1', 'index', '0', '1', '0', '0', null, null, '0', 'Windows', null, null, 'Chrome', 'default', '180.156.223.140', '1510228245', '1510228245'), ('373', '1', 'index', '0', '1', '0', '0', null, null, '0', 'Windows', null, null, 'Chrome', 'default', '180.156.223.140', '1510228245', '1510228245'), ('374', '1', 'index', '0', '1', '0', '0', null, null, '0', 'Windows', null, null, 'Chrome', 'default', '180.156.223.140', '1510229737', '1510229737'), ('375', '1', 'index', '0', '1', '0', '0', null, null, '0', 'Windows', null, null, 'Chrome', 'default', '180.156.223.140', '1510229741', '1510229741'), ('376', '2', 'product', '0', '1', '0', '0', null, null, '0', 'Windows', null, null, 'Chrome', 'default', '180.156.223.140', '1510231819', '1510231819'), ('377', '2', 'article', '0', '1', '0', '0', null, null, '0', 'Windows', null, null, 'Chrome', 'default', '180.156.223.140', '1510231821', '1510231821'), ('378', '2', 'article', '0', '1', '0', '0', null, null, '0', 'Windows', null, null, 'Chrome', 'default', '180.156.223.140', '1510231839', '1510231839'), ('379', '2', 'product', '0', '1', '0', '0', null, null, '0', 'Windows', null, null, 'Chrome', 'default', '180.156.223.140', '1510232458', '1510232458'), ('380', '2', 'product', '0', '1', '0', '0', null, null, '0', 'Windows', null, null, 'Chrome', 'default', '180.156.223.140', '1510232598', '1510232598'), ('381', '2', 'product', '0', '1', '0', '0', null, null, '0', 'Windows', null, null, 'Chrome', 'default', '180.156.223.140', '1510232671', '1510232671'), ('382', '2', 'product', '0', '1', '0', '0', null, null, '0', 'Windows', null, null, 'Chrome', 'default', '180.156.223.140', '1510232736', '1510232736'), ('383', '2', 'product', '0', '1', '0', '0', null, null, '0', 'Windows', null, null, 'Chrome', 'default', '180.156.223.140', '1510232861', '1510232861'), ('384', '2', 'product', '0', '1', '0', '0', null, null, '0', 'Windows', null, null, 'Chrome', 'default', '180.156.223.140', '1510232889', '1510232889'), ('385', '2', 'activity', '0', '1', '0', '0', null, null, '0', 'Windows', null, null, 'Chrome', 'default', '180.156.223.140', '1510232999', '1510232999'), ('386', '2', 'activity', '0', '1', '0', '0', null, null, '0', 'Windows', null, null, 'Chrome', 'default', '180.156.223.140', '1510233104', '1510233104'), ('387', '2', 'activity', '0', '1', '0', '0', null, null, '0', 'Windows', null, null, 'Chrome', 'default', '180.156.223.140', '1510233130', '1510233130'), ('388', '2', 'activity', '0', '1', '0', '0', null, null, '0', 'Windows', null, null, 'Chrome', 'default', '180.156.223.140', '1510233186', '1510233186'), ('389', '2', 'activity', '0', '1', '0', '0', null, null, '0', 'Windows', null, null, 'Chrome', 'default', '180.156.223.140', '1510233193', '1510233193'), ('390', '2', 'activity', '0', '1', '0', '0', null, null, '0', 'Windows', null, null, 'Chrome', 'default', '180.156.223.140', '1510233222', '1510233222'), ('391', '2', 'activity', '0', '1', '0', '0', null, null, '1', 'iPhone', null, null, 'Safari', 'default', '180.156.223.140', '1510233246', '1510233246'), ('392', '3', 'activity', '0', '1', '1', '0', null, null, '1', 'iPhone', null, null, 'Safari', 'default', '180.156.223.140', '1510233329', '1510233329'), ('393', '1', 'index', '0', '1', '0', '0', null, null, '1', 'iPhone', null, null, 'Ohters', 'WeChat', '101.226.233.139', '1510233496', '1510233496'), ('394', '1', 'index', '0', '1', '0', '0', null, null, '1', 'Android', null, null, 'Safari', 'default', '121.51.32.144', '1510233496', '1510233496'), ('395', '1', 'index', '0', '1', '0', '0', null, null, '1', 'iPhone', null, null, 'Safari', 'default', '180.156.223.140', '1510233496', '1510233496'), ('396', '1', 'index', '0', '1', '0', '0', null, null, '1', 'iPhone', null, null, 'Ohters', 'WeChat', '101.226.233.143', '1510233496', '1510233496'), ('397', '1', 'index', '0', '1', '0', '0', null, null, '1', 'iPhone', null, null, 'Ohters', 'WeChat', '180.156.223.140', '1510233496', '1510233496'), ('398', '1', 'index', '0', '1', '0', '0', null, null, '1', 'iPhone', null, null, 'Ohters', 'WeChat', '180.156.223.140', '1510233496', '1510233496'), ('399', '2', 'survey', '0', '1', '0', '0', null, null, '1', 'iPhone', null, null, 'Safari', 'default', '180.156.223.140', '1510233532', '1510233532'), ('400', '2', 'survey', '0', '1', '0', '0', null, null, '1', 'iPhone', null, null, 'Safari', 'default', '180.156.223.140', '1510233560', '1510233560'), ('401', '3', 'article', '0', '1', '2', '0', null, null, '1', 'Android', null, null, 'Chrome', 'WeChat', '121.51.32.144', '1510236566', '1510236566'), ('402', '1', 'index', '0', '1', '0', '0', null, null, '1', 'iPhone', null, null, 'Safari', 'default', '180.156.223.140', '1510236566', '1510236566'), ('403', '2', 'product', '0', '1', '0', '0', null, null, '1', 'iPhone', null, null, 'Ohters', 'WeChat', '180.156.223.140', '1510236566', '1510236566'), ('404', '2', 'product', '0', '1', '0', '0', null, null, '1', 'iPhone', null, null, 'Safari', 'default', '180.156.223.140', '1510236566', '1510236566'), ('405', '1', 'index', '0', '1', '0', '0', null, null, '1', 'iPhone', null, null, 'Ohters', 'WeChat', '180.156.223.140', '1510236566', '1510236566'), ('406', '1', 'index', '0', '1', '0', '0', null, null, '1', 'iPhone', null, null, 'Safari', 'default', '180.156.223.140', '1510236566', '1510236566'), ('407', '2', 'product', '0', '1', '0', '0', null, null, '1', 'iPhone', null, null, 'Ohters', 'WeChat', '101.226.233.158', '1510236566', '1510236566'), ('408', '3', 'article', '0', '1', '2', '0', null, null, '1', 'iPhone', null, null, 'Ohters', 'WeChat', '101.226.233.148', '1510236566', '1510236566'), ('409', '1', 'index', '0', '1', '0', '0', null, null, '1', 'Android', null, null, 'Chrome', 'default', '121.51.32.144', '1510236566', '1510236566'), ('410', '3', 'survey', '0', '1', '2', '0', null, null, '1', 'iPhone', null, null, 'Safari', 'default', '180.156.223.140', '1510236566', '1510236566'), ('411', '3', 'survey', '0', '1', '2', '0', null, null, '1', 'iPhone', null, null, 'Safari', 'default', '180.156.223.140', '1510236566', '1510236566'), ('412', '1', 'index', '0', '1', '0', '0', null, null, '1', 'iPhone', null, null, 'Ohters', 'WeChat', '101.226.233.143', '1510236566', '1510236566'), ('413', '1', 'index', '0', '1', '0', '0', null, null, '1', 'iPhone', null, null, 'Safari', 'default', '180.156.223.140', '1510236566', '1510236566'), ('414', '1', 'index', '0', '1', '0', '0', null, null, '1', 'Android', null, null, 'Chrome', 'WeChat', '120.204.17.46', '1510236567', '1510236567'), ('415', '1', 'index', '0', '1', '0', '0', null, null, '1', 'iPhone', null, null, 'Safari', 'default', '180.156.223.140', '1510236567', '1510236567'), ('416', '2', 'product', '0', '1', '0', '0', null, null, '0', 'Windows', null, null, 'Firefox', 'default', '180.97.35.165', '1510236567', '1510236567'), ('417', '3', 'article', '0', '1', '2', '0', null, null, '1', 'Android', null, null, 'Chrome', 'WeChat', '101.226.66.174', '1510236567', '1510236567'), ('418', '1', 'index', '0', '1', '0', '0', null, null, '1', 'Android', null, null, 'Chrome', 'WeChat', '101.226.66.174', '1510236567', '1510236567'), ('419', '1', 'index', '0', '1', '0', '0', null, null, '1', 'iPhone', null, null, 'Ohters', 'WeChat', '101.226.233.157', '1510236567', '1510236567'), ('420', '3', 'survey', '0', '1', '2', '0', null, null, '0', 'Windows', null, null, 'Firefox', 'default', '111.206.36.133', '1510236567', '1510236567'), ('421', '2', 'survey', '0', '1', '0', '0', null, null, '1', 'iPhone', null, null, 'Safari', 'default', '180.156.223.140', '1510238802', '1510238802'), ('422', '2', 'survey', '0', '1', '0', '0', null, null, '1', 'iPhone', null, null, 'Safari', 'default', '180.156.223.140', '1510239029', '1510239029'), ('423', '2', 'survey', '0', '1', '0', '0', null, null, '1', 'iPhone', null, null, 'Safari', 'default', '180.156.223.140', '1510239082', '1510239082'), ('424', '1', 'index', '0', '1', '0', '0', null, null, '1', 'iPhone', null, null, 'Safari', 'default', '180.156.223.140', '1510239191', '1510239191'), ('425', '1', 'index', '0', '1', '0', '0', null, null, '1', 'iPhone', null, null, 'Safari', 'default', '180.156.223.140', '1510239195', '1510239195'), ('426', '1', 'index', '0', '1', '0', '0', null, null, '1', 'iPhone', null, null, 'Safari', 'default', '180.156.223.140', '1510239273', '1510239273'), ('427', '1', 'index', '0', '1', '0', '0', null, null, '1', 'iPhone', null, null, 'Safari', 'default', '180.156.223.140', '1510239294', '1510239294'), ('428', '3', 'product', '0', '1', '8', '0', null, null, '1', 'iPhone', null, null, 'Safari', 'default', '180.156.223.140', '1510239410', '1510239410'), ('429', '3', 'activity', '0', '1', '1', '0', null, null, '1', 'iPhone', null, null, 'Safari', 'default', '180.156.223.140', '1510239777', '1510239777'), ('430', '3', 'activity', '0', '1', '1', '0', null, null, '1', 'iPhone', null, null, 'Safari', 'default', '180.156.223.140', '1510239843', '1510239843'), ('431', '3', 'activity', '0', '1', '1', '0', null, null, '1', 'iPhone', null, null, 'Safari', 'default', '180.156.223.140', '1510239948', '1510239948'), ('432', '3', 'activity', '0', '1', '1', '0', null, null, '1', 'iPhone', null, null, 'Safari', 'default', '180.156.223.140', '1510239987', '1510239987'), ('433', '3', 'activity', '0', '1', '1', '0', null, null, '1', 'iPhone', null, null, 'Safari', 'default', '180.156.223.140', '1510240030', '1510240030'), ('434', '3', 'activity', '0', '1', '1', '0', null, null, '1', 'iPhone', null, null, 'Safari', 'default', '180.156.223.140', '1510240120', '1510240120'), ('435', '3', 'activity', '0', '1', '1', '0', null, null, '1', 'iPhone', null, null, 'Safari', 'default', '180.156.223.140', '1510240177', '1510240177');
INSERT INTO `records` VALUES ('436', '3', 'activity', '0', '1', '1', '0', null, null, '1', 'iPhone', null, null, 'Safari', 'default', '180.156.223.140', '1510240189', '1510240189'), ('437', '3', 'activity', '0', '1', '1', '0', null, null, '1', 'iPhone', null, null, 'Safari', 'default', '180.156.223.140', '1510240197', '1510240197'), ('438', '3', 'activity', '0', '1', '1', '0', null, null, '1', 'iPhone', null, null, 'Safari', 'default', '180.156.223.140', '1510241670', '1510241670'), ('439', '3', 'activity', '0', '1', '1', '0', null, null, '1', 'iPhone', null, null, 'Safari', 'default', '180.156.223.140', '1510241680', '1510241680'), ('440', '3', 'activity', '0', '1', '1', '0', null, null, '1', 'iPhone', null, null, 'Safari', 'default', '180.156.223.140', '1510241825', '1510241825'), ('441', '3', 'activity', '0', '1', '1', '0', null, null, '1', 'iPhone', null, null, 'Safari', 'default', '180.156.223.140', '1510241848', '1510241848'), ('442', '3', 'activity', '0', '1', '1', '0', null, null, '1', 'iPhone', null, null, 'Safari', 'default', '180.156.223.140', '1510241895', '1510241895'), ('443', '3', 'activity', '0', '1', '1', '0', null, null, '1', 'iPhone', null, null, 'Safari', 'default', '180.156.223.140', '1510241928', '1510241928'), ('444', '3', 'activity', '0', '1', '1', '0', null, null, '1', 'iPhone', null, null, 'Safari', 'default', '180.156.223.140', '1510241933', '1510241933'), ('445', '3', 'activity', '0', '1', '1', '0', null, null, '1', 'iPhone', null, null, 'Safari', 'default', '180.156.223.140', '1510241978', '1510241978'), ('446', '3', 'activity', '0', '1', '1', '0', null, null, '1', 'iPhone', null, null, 'Safari', 'default', '180.156.223.140', '1510242003', '1510242003'), ('447', '3', 'activity', '0', '1', '1', '0', null, null, '1', 'iPhone', null, null, 'Safari', 'default', '180.156.223.140', '1510242062', '1510242062'), ('448', '3', 'activity', '0', '1', '1', '0', null, null, '1', 'iPhone', null, null, 'Safari', 'default', '180.156.223.140', '1510242416', '1510242416'), ('449', '3', 'activity', '0', '1', '1', '0', null, null, '1', 'iPhone', null, null, 'Safari', 'default', '180.156.223.140', '1510242444', '1510242444'), ('450', '3', 'product', '0', '1', '8', '0', null, null, '0', 'Windows', null, null, 'Chrome', 'default', '180.156.223.140', '1510242786', '1510242786'), ('451', '3', 'product', '0', '1', '8', '0', null, null, '0', 'Windows', null, null, 'Chrome', 'default', '180.156.223.140', '1510242832', '1510242832'), ('452', '3', 'product', '0', '1', '8', '0', null, null, '0', 'Windows', null, null, 'Chrome', 'default', '180.156.223.140', '1510242851', '1510242851'), ('453', '3', 'product', '0', '1', '8', '0', null, null, '1', 'iPhone', null, null, 'Safari', 'default', '180.156.223.140', '1510242930', '1510242930'), ('454', '3', 'product', '0', '1', '8', '0', null, null, '1', 'iPhone', null, null, 'Safari', 'default', '180.156.223.140', '1510242985', '1510242985'), ('455', '3', 'product', '0', '1', '8', '0', null, null, '1', 'iPhone', null, null, 'Safari', 'default', '180.156.223.140', '1510243022', '1510243022'), ('456', '3', 'product', '0', '1', '8', '0', null, null, '1', 'iPhone', null, null, 'Safari', 'default', '180.156.223.140', '1510243068', '1510243068'), ('457', '3', 'product', '0', '1', '8', '0', null, null, '1', 'iPhone', null, null, 'Safari', 'default', '180.156.223.140', '1510243107', '1510243107'), ('458', '3', 'product', '0', '1', '8', '0', null, null, '1', 'iPhone', null, null, 'Safari', 'default', '180.156.223.140', '1510243131', '1510243131'), ('459', '3', 'product', '0', '1', '8', '0', null, null, '1', 'iPhone', null, null, 'Safari', 'default', '180.156.223.140', '1510243153', '1510243153'), ('460', '3', 'activity', '0', '1', '1', '0', null, null, '1', 'iPhone', null, null, 'Safari', 'default', '180.156.223.140', '1510243182', '1510243182'), ('461', '3', 'activity', '0', '1', '1', '0', null, null, '1', 'iPhone', null, null, 'Safari', 'default', '180.156.223.140', '1510243207', '1510243207'), ('462', '3', 'activity', '0', '1', '1', '0', null, null, '1', 'iPhone', null, null, 'Safari', 'default', '180.156.223.140', '1510243228', '1510243228'), ('463', '3', 'product', '0', '1', '8', '0', null, null, '1', 'iPhone', null, null, 'Safari', 'default', '180.156.223.140', '1510243367', '1510243367'), ('464', '3', 'product', '0', '1', '8', '0', null, null, '1', 'iPhone', null, null, 'Safari', 'default', '180.156.223.140', '1510243425', '1510243425'), ('465', '3', 'activity', '0', '1', '1', '0', null, null, '1', 'iPhone', null, null, 'Safari', 'default', '180.156.223.140', '1510243435', '1510243435'), ('466', '3', 'activity', '0', '1', '1', '0', null, null, '1', 'iPhone', null, null, 'Safari', 'default', '180.156.223.140', '1510243466', '1510243466'), ('467', '3', 'activity', '0', '1', '1', '0', null, null, '1', 'iPhone', null, null, 'Safari', 'default', '180.156.223.140', '1510243510', '1510243510'), ('468', '3', 'activity', '0', '1', '1', '0', null, null, '1', 'iPhone', null, null, 'Safari', 'default', '180.156.223.140', '1510243533', '1510243533'), ('469', '3', 'activity', '0', '1', '1', '0', null, null, '1', 'iPhone', null, null, 'Safari', 'default', '180.156.223.140', '1510243545', '1510243545'), ('470', '3', 'activity', '0', '1', '1', '0', null, null, '1', 'iPhone', null, null, 'Safari', 'default', '180.156.223.140', '1510243561', '1510243561'), ('471', '3', 'activity', '0', '1', '1', '0', null, null, '1', 'iPhone', null, null, 'Safari', 'default', '180.156.223.140', '1510243575', '1510243575'), ('472', '3', 'activity', '0', '1', '1', '0', null, null, '1', 'iPhone', null, null, 'Safari', 'default', '180.156.223.140', '1510243585', '1510243585'), ('473', '3', 'product', '0', '1', '8', '0', null, null, '1', 'iPhone', null, null, 'Safari', 'default', '180.156.223.140', '1510243630', '1510243630'), ('474', '3', 'article', '0', '1', '2', '0', null, null, '0', 'Windows', null, null, 'Chrome', 'default', '180.156.223.140', '1510243760', '1510243760'), ('475', '3', 'product', '0', '1', '8', '0', null, null, '1', 'iPhone', null, null, 'Safari', 'default', '180.156.223.140', '1510243839', '1510243839'), ('476', '3', 'product', '0', '1', '8', '0', null, null, '1', 'iPhone', null, null, 'Safari', 'default', '180.156.223.140', '1510244444', '1510244444'), ('477', '3', 'slide', '0', '1', '17', '0', null, null, '0', 'Windows', null, null, 'Chrome', 'default', '180.156.223.140', '1510244599', '1510244599'), ('478', '3', 'slide', '0', '1', '17', '0', null, null, '0', 'Windows', null, null, 'Chrome', 'default', '180.156.223.140', '1510244639', '1510244639'), ('479', '3', 'slide', '0', '1', '17', '0', null, null, '0', 'Windows', null, null, 'Chrome', 'default', '180.156.223.140', '1510244648', '1510244648'), ('480', '3', 'slide', '0', '1', '17', '0', null, null, '0', 'Windows', null, null, 'Chrome', 'default', '180.156.223.140', '1510244683', '1510244683'), ('481', '3', 'slide', '0', '1', '17', '0', null, null, '0', 'Windows', null, null, 'Chrome', 'default', '180.156.223.140', '1510244697', '1510244697'), ('482', '3', 'slide', '0', '1', '17', '0', null, null, '0', 'Windows', null, null, 'Chrome', 'default', '180.156.223.140', '1510244711', '1510244711'), ('483', '3', 'slide', '0', '1', '17', '0', null, null, '1', 'iPhone', null, null, 'Safari', 'default', '180.156.223.140', '1510244926', '1510244926'), ('484', '3', 'survey', '0', '1', '2', '0', null, null, '0', 'Windows', null, null, 'Chrome', 'default', '180.156.223.140', '1510245066', '1510245066'), ('485', '3', 'survey', '0', '1', '2', '0', null, null, '0', 'Windows', null, null, 'Chrome', 'default', '180.156.223.140', '1510245079', '1510245079'), ('486', '3', 'survey', '0', '1', '2', '0', null, null, '0', 'Windows', null, null, 'Chrome', 'default', '180.156.223.140', '1510245091', '1510245091'), ('487', '3', 'survey', '0', '1', '2', '0', null, null, '0', 'Windows', null, null, 'Chrome', 'default', '180.156.223.140', '1510245137', '1510245137'), ('488', '3', 'survey', '0', '1', '2', '0', null, null, '0', 'Windows', null, null, 'Chrome', 'default', '180.156.223.140', '1510245157', '1510245157'), ('489', '3', 'survey', '0', '1', '2', '0', null, null, '0', 'Windows', null, null, 'Chrome', 'default', '180.156.223.140', '1510245195', '1510245195'), ('490', '3', 'survey', '0', '1', '2', '0', null, null, '0', 'Windows', null, null, 'Chrome', 'default', '180.156.223.140', '1510245214', '1510245214'), ('491', '3', 'survey', '0', '1', '2', '0', null, null, '0', 'Windows', null, null, 'Chrome', 'default', '180.156.223.140', '1510245244', '1510245244'), ('492', '3', 'survey', '0', '1', '2', '0', null, null, '0', 'Windows', null, null, 'Chrome', 'default', '180.156.223.140', '1510245275', '1510245275'), ('493', '3', 'survey', '0', '1', '2', '0', null, null, '0', 'Windows', null, null, 'Chrome', 'default', '180.156.223.140', '1510245288', '1510245288'), ('494', '3', 'survey', '0', '1', '2', '0', null, null, '0', 'Windows', null, null, 'Chrome', 'default', '180.156.223.140', '1510245310', '1510245310'), ('495', '3', 'survey', '0', '1', '2', '0', null, null, '1', 'iPhone', null, null, 'Safari', 'default', '180.156.223.140', '1510245363', '1510245363'), ('496', '3', 'survey', '0', '1', '2', '0', null, null, '1', 'iPhone', null, null, 'Safari', 'default', '180.156.223.140', '1510245402', '1510245402'), ('497', '3', 'survey', '0', '1', '2', '0', null, null, '1', 'iPhone', null, null, 'Safari', 'default', '180.156.223.140', '1510245431', '1510245431'), ('498', '3', 'survey', '0', '1', '2', '0', null, null, '1', 'iPhone', null, null, 'Safari', 'default', '180.156.223.140', '1510245442', '1510245442'), ('499', '3', 'survey', '0', '1', '2', '0', null, null, '1', 'iPhone', null, null, 'Safari', 'default', '180.156.223.140', '1510245454', '1510245454'), ('500', '3', 'survey', '0', '1', '2', '0', null, null, '1', 'iPhone', null, null, 'Safari', 'default', '180.156.223.140', '1510245478', '1510245478'), ('501', '3', 'survey', '0', '1', '2', '0', null, null, '1', 'iPhone', null, null, 'Safari', 'default', '180.156.223.140', '1510245480', '1510245480'), ('502', '3', 'survey', '0', '1', '2', '0', null, null, '0', 'Windows', null, null, 'Chrome', 'default', '180.156.223.140', '1510245508', '1510245508'), ('503', '3', 'survey', '0', '1', '2', '0', null, null, '0', 'Windows', null, null, 'Chrome', 'default', '180.156.223.140', '1510245526', '1510245526'), ('504', '3', 'survey', '0', '1', '2', '0', null, null, '0', 'Windows', null, null, 'Chrome', 'default', '180.156.223.140', '1510245562', '1510245562'), ('505', '3', 'survey', '0', '1', '2', '0', null, null, '0', 'Windows', null, null, 'Chrome', 'default', '180.156.223.140', '1510245580', '1510245580'), ('506', '3', 'survey', '0', '1', '2', '0', null, null, '0', 'Windows', null, null, 'Chrome', 'default', '180.156.223.140', '1510245597', '1510245597'), ('507', '3', 'survey', '0', '1', '2', '0', null, null, '0', 'Windows', null, null, 'Chrome', 'default', '180.156.223.140', '1510245705', '1510245705'), ('508', '3', 'survey', '0', '1', '2', '0', null, null, '0', 'Windows', null, null, 'Chrome', 'default', '180.156.223.140', '1510245780', '1510245780'), ('509', '3', 'survey', '0', '1', '2', '0', null, null, '0', 'Windows', null, null, 'Chrome', 'default', '180.156.223.140', '1510245865', '1510245865'), ('510', '3', 'survey', '0', '1', '2', '0', null, null, '0', 'Windows', null, null, 'Chrome', 'default', '180.156.223.140', '1510245924', '1510245924'), ('511', '3', 'slide', '0', '1', '17', '0', null, null, '1', 'iPhone', null, null, 'Safari', 'default', '180.156.223.140', '1510246084', '1510246084'), ('512', '3', 'survey', '0', '1', '2', '0', null, null, '0', 'Windows', null, null, 'Chrome', 'default', '180.156.223.140', '1510246087', '1510246087'), ('513', '3', 'survey', '0', '1', '2', '0', null, null, '0', 'Windows', null, null, 'Chrome', 'default', '180.156.223.140', '1510246165', '1510246165'), ('514', '3', 'slide', '0', '1', '17', '0', null, null, '1', 'iPhone', null, null, 'Safari', 'default', '180.156.223.140', '1510246171', '1510246171'), ('515', '3', 'slide', '0', '1', '17', '0', null, null, '1', 'iPhone', null, null, 'Safari', 'default', '180.156.223.140', '1510246525', '1510246525'), ('516', '3', 'slide', '0', '1', '17', '0', null, null, '1', 'iPhone', null, null, 'Safari', 'default', '180.156.223.140', '1510246589', '1510246589'), ('517', '2', 'product', '0', '1', '0', '0', null, null, '1', 'iPhone', null, null, 'Safari', 'default', '180.156.223.140', '1510246595', '1510246595'), ('518', '3', 'article', '0', '1', '2', '0', null, null, '1', 'iPhone', null, null, 'Safari', 'default', '180.156.223.140', '1510246669', '1510246669'), ('519', '2', 'article', '0', '1', '0', '0', null, null, '1', 'iPhone', null, null, 'Safari', 'default', '180.156.223.140', '1510246673', '1510246673'), ('520', '3', 'product', '0', '1', '8', '0', null, null, '1', 'iPhone', null, null, 'Safari', 'default', '180.156.223.140', '1510246683', '1510246683'), ('521', '2', 'product', '0', '1', '0', '0', null, null, '1', 'iPhone', null, null, 'Safari', 'default', '180.156.223.140', '1510246696', '1510246696'), ('522', '3', 'activity', '0', '1', '1', '0', null, null, '1', 'iPhone', null, null, 'Safari', 'default', '180.156.223.140', '1510246712', '1510246712'), ('523', '2', 'activity', '0', '1', '0', '0', null, null, '1', 'iPhone', null, null, 'Safari', 'default', '180.156.223.140', '1510246717', '1510246717'), ('524', '3', 'survey', '0', '1', '2', '0', null, null, '0', 'Windows', null, null, 'Chrome', 'default', '180.156.223.140', '1510246951', '1510246951'), ('525', '2', 'survey', '0', '1', '0', '0', null, null, '0', 'Windows', null, null, 'Chrome', 'default', '180.156.223.140', '1510246956', '1510246956'), ('526', '1', 'index', '0', '1', '0', '0', null, null, '0', 'Windows', null, null, 'Chrome', 'default', '180.156.223.140', '1510291176', '1510291176'), ('527', '1', 'index', '0', '1', '0', '0', null, null, '0', 'Windows', null, null, 'Chrome', 'default', '180.156.223.140', '1510291177', '1510291177'), ('528', '2', 'survey', '0', '1', '0', '0', null, null, '0', 'Windows', null, null, 'Chrome', 'default', '180.156.223.140', '1510291192', '1510291192'), ('529', '1', 'index', '0', '1', '0', '0', null, null, '1', 'iPhone', null, null, 'Safari', 'default', '180.156.223.140', '1510328844', '1510328844'), ('530', '1', 'index', '0', '1', '0', '0', null, null, '1', 'iPhone', null, null, 'Safari', 'default', '180.156.223.140', '1510330453', '1510330453'), ('531', '1', 'index', '0', '1', '0', '0', null, null, '0', 'Mac', null, null, 'Chrome', 'default', '180.156.223.140', '1510415886', '1510415886'), ('532', '1', 'index', '0', '1', '0', '0', null, null, '0', 'Mac', null, null, 'Chrome', 'default', '180.156.223.140', '1510415886', '1510415886'), ('533', '1', 'index', '0', '1', '0', '0', null, null, '0', 'Windows', null, null, 'Chrome', 'default', '180.156.223.140', '1510542517', '1510542517'), ('534', '1', 'index', '0', '1', '0', '0', null, null, '0', 'Windows', null, null, 'Chrome', 'default', '180.156.223.140', '1510542517', '1510542517'), ('535', '1', 'index', '0', '1', '0', '0', null, null, '0', 'Windows', null, null, 'Chrome', 'default', '180.156.223.140', '1510542519', '1510542519'), ('536', '1', 'index', '0', '1', '0', '0', null, null, '0', 'Windows', null, null, 'Firefox', 'default', '111.206.36.10', '1510542521', '1510542521'), ('537', '2', 'product', '0', '1', '0', '0', null, null, '0', 'Windows', null, null, 'Chrome', 'default', '180.156.223.140', '1510542542', '1510542542'), ('538', '2', 'activity', '0', '1', '0', '0', null, null, '0', 'Windows', null, null, 'Chrome', 'default', '180.156.223.140', '1510542544', '1510542544'), ('539', '2', 'survey', '0', '1', '0', '0', null, null, '0', 'Windows', null, null, 'Chrome', 'default', '180.156.223.140', '1510542546', '1510542546'), ('540', '2', 'article', '0', '1', '0', '0', null, null, '0', 'Windows', null, null, 'Chrome', 'default', '180.156.223.140', '1510542548', '1510542548'), ('541', '2', 'activity', '0', '1', '0', '0', null, null, '0', 'Windows', null, null, 'Chrome', 'default', '180.156.223.140', '1510542577', '1510542577'), ('542', '2', 'survey', '0', '1', '0', '0', null, null, '0', 'Windows', null, null, 'Chrome', 'default', '180.156.223.140', '1510542578', '1510542578'), ('543', '2', 'article', '0', '1', '0', '0', null, null, '0', 'Windows', null, null, 'Chrome', 'default', '180.156.223.140', '1510542580', '1510542580'), ('544', '1', 'index', '0', '1', '0', '0', null, null, '0', 'Windows', null, null, 'Chrome', 'default', '180.156.223.140', '1510635668', '1510635668'), ('545', '1', 'index', '0', '1', '0', '0', null, null, '0', 'Windows', null, null, 'Chrome', 'default', '180.156.223.140', '1510635668', '1510635668'), ('546', '1', 'index', '0', '1', '0', '0', null, null, '0', 'Windows', null, null, 'Chrome', 'default', '180.156.223.140', '1510635669', '1510635669'), ('547', '1', 'index', '0', '1', '0', '0', null, null, '0', 'Windows', null, null, 'Chrome', 'default', '180.156.223.140', '1510643172', '1510643172'), ('548', '1', 'index', '0', '1', '0', '0', null, null, '0', 'Windows', null, null, 'Chrome', 'default', '180.156.223.140', '1510643172', '1510643172'), ('549', '1', 'index', '0', '1', '0', '0', null, null, '1', 'iPad', null, null, 'Firefox', 'default', '180.156.223.140', '1510650434', '1510650434'), ('550', '1', 'index', '0', '1', '0', '0', null, null, '1', 'iPad', null, null, 'Firefox', 'default', '180.156.223.140', '1510650436', '1510650436'), ('551', '1', 'index', '0', '1', '0', '0', null, null, '0', 'Windows', null, null, 'Chrome', 'default', '180.156.223.140', '1510655350', '1510655350'), ('552', '1', 'index', '0', '1', '0', '0', null, null, '0', 'Windows', null, null, 'Chrome', 'default', '180.156.223.140', '1510655351', '1510655351'), ('553', '1', 'index', '0', '1', '0', '0', null, null, '0', 'Windows', null, null, 'Chrome', 'default', '180.156.223.140', '1510685841', '1510685841'), ('554', '1', 'index', '0', '1', '0', '0', null, null, '0', 'Windows', null, null, 'Chrome', 'default', '180.156.223.140', '1510685842', '1510685842'), ('555', '2', 'product', '0', '1', '0', '0', null, null, '0', 'Windows', null, null, 'Chrome', 'default', '180.156.223.140', '1510685851', '1510685851'), ('556', '1', 'index', '0', '1', '0', '0', null, null, '0', 'Mac', null, null, 'Chrome', 'default', '127.0.0.1', '1510990051', '1510990051'), ('557', '1', 'index', '0', '1', '0', '0', null, null, '0', 'Mac', null, null, 'Chrome', 'default', '127.0.0.1', '1510990288', '1510990288'), ('558', '1', 'index', '0', '1', '0', '0', null, null, '0', 'Mac', null, null, 'Chrome', 'default', '127.0.0.1', '1510990575', '1510990575'), ('559', '1', 'index', '0', '1', '0', '0', null, null, '0', 'Mac', null, null, 'Chrome', 'default', '127.0.0.1', '1510990751', '1510990751'), ('560', '1', 'index', '0', '1', '0', '0', null, null, '0', 'Mac', null, null, 'Chrome', 'default', '127.0.0.1', '1510990761', '1510990761'), ('561', '1', 'index', '0', '1', '0', '0', null, null, '0', 'Mac', null, null, 'Chrome', 'default', '127.0.0.1', '1510990762', '1510990762'), ('562', '1', 'index', '0', '1', '0', '0', null, null, '0', 'Mac', null, null, 'Chrome', 'default', '127.0.0.1', '1510990780', '1510990780'), ('563', '1', 'index', '0', '1', '0', '0', null, null, '1', 'Android', null, null, 'Chrome', 'default', '127.0.0.1', '1510990845', '1510990845'), ('564', '3', 'product', '0', '1', '8', '0', null, null, '1', 'Android', null, null, 'Chrome', 'default', '127.0.0.1', '1510991319', '1510991319'), ('565', '3', 'product', '0', '1', '8', '0', null, null, '0', 'Mac', null, null, 'Chrome', 'default', '::1', '1510992328', '1510992328'), ('566', '3', 'product', '0', '1', '8', '0', null, null, '1', 'Android', null, null, 'Chrome', 'default', '::1', '1510995944', '1510995944'), ('567', '3', 'product', '0', '1', '8', '0', null, null, '1', 'Android', null, null, 'Chrome', 'default', '::1', '1511023407', '1511023407'), ('568', '1', 'index', '0', '1', '0', '0', null, null, '0', 'Mac', null, null, 'Chrome', 'default', '::1', '1511025866', '1511025866'), ('569', '1', 'index', '0', '1', '0', '0', null, null, '0', 'Mac', null, null, 'Chrome', 'default', '::1', '1511025866', '1511025866'), ('570', '1', 'index', '0', '1', '0', '0', null, null, '0', 'Mac', null, null, 'Chrome', 'default', '127.0.0.1', '1511245247', '1511245247'), ('571', '1', 'index', '0', '1', '0', '0', null, null, '0', 'Mac', null, null, 'Chrome', 'default', '127.0.0.1', '1511245247', '1511245247'), ('572', '3', 'article', '0', '1', '2', '0', null, null, '0', 'Mac', null, null, 'Chrome', 'default', '127.0.0.1', '1511406835', '1511406835'), ('573', '3', 'activity', '0', '1', '3', '0', null, null, '0', 'Mac', null, null, 'Chrome', 'default', '127.0.0.1', '1511406873', '1511406873'), ('574', '3', 'article', '0', '1', '2', '0', null, null, '0', 'Mac', null, null, 'Chrome', 'default', '127.0.0.1', '1511406950', '1511406950'), ('575', '3', 'activity', '0', '1', '3', '0', null, null, '0', 'Mac', null, null, 'Chrome', 'default', '127.0.0.1', '1511406956', '1511406956'), ('576', '3', 'article', '0', '1', '2', '0', null, null, '0', 'Mac', null, null, 'Chrome', 'default', '127.0.0.1', '1511407199', '1511407199'), ('577', '1', 'index', '0', '1', '0', '0', null, null, '0', 'Mac', null, null, 'Chrome', 'default', '127.0.0.1', '1511407426', '1511407426'), ('578', '1', 'index', '0', '1', '0', '0', null, null, '0', 'Mac', null, null, 'Chrome', 'default', '127.0.0.1', '1511407426', '1511407426'), ('579', '1', 'index', '0', '1', '0', '0', null, null, '0', 'Mac', null, null, 'Chrome', 'default', '127.0.0.1', '1511407692', '1511407692'), ('580', '1', 'index', '0', '1', '0', '0', null, null, '0', 'Mac', null, null, 'Chrome', 'default', '127.0.0.1', '1511407692', '1511407692'), ('581', '3', 'article', '0', '1', '2', '0', null, null, '0', 'Mac', null, null, 'Chrome', 'default', '127.0.0.1', '1511407769', '1511407769'), ('582', '1', 'index', '0', '1', '0', '0', null, null, '1', 'Android', null, null, 'Chrome', 'default', '127.0.0.1', '1511407799', '1511407799'), ('583', '1', 'index', '0', '1', '0', '0', null, null, '1', 'Android', null, null, 'Chrome', 'default', '127.0.0.1', '1511407975', '1511407975'), ('584', '1', 'index', '0', '1', '0', '0', null, null, '1', 'Android', null, null, 'Chrome', 'default', '127.0.0.1', '1511408257', '1511408257'), ('585', '1', 'index', '0', '1', '0', '0', null, null, '1', 'Android', null, null, 'Chrome', 'default', '127.0.0.1', '1511408331', '1511408331'), ('586', '1', 'index', '0', '1', '0', '0', null, null, '0', 'Mac', null, null, 'Chrome', 'default', '127.0.0.1', '1511408338', '1511408338'), ('587', '1', 'index', '0', '1', '0', '0', null, null, '0', 'Mac', null, null, 'Chrome', 'default', '127.0.0.1', '1511408344', '1511408344'), ('588', '1', 'index', '0', '1', '0', '0', null, null, '0', 'Mac', null, null, 'Chrome', 'default', '127.0.0.1', '1511408354', '1511408354'), ('589', '1', 'index', '0', '1', '0', '0', null, null, '0', 'Mac', null, null, 'Chrome', 'default', '127.0.0.1', '1511408421', '1511408421'), ('590', '1', 'index', '0', '1', '0', '0', null, null, '0', 'Mac', null, null, 'Chrome', 'default', '127.0.0.1', '1511408421', '1511408421'), ('591', '1', 'index', '0', '1', '0', '0', null, null, '0', 'Mac', null, null, 'Chrome', 'default', '127.0.0.1', '1511408487', '1511408487'), ('592', '1', 'index', '0', '1', '0', '0', null, null, '0', 'Mac', null, null, 'Chrome', 'default', '127.0.0.1', '1511408487', '1511408487'), ('593', '1', 'index', '0', '1', '0', '0', null, null, '0', 'Mac', null, null, 'Chrome', 'default', '127.0.0.1', '1511408609', '1511408609'), ('594', '1', 'index', '0', '1', '0', '0', null, null, '0', 'Mac', null, null, 'Chrome', 'default', '127.0.0.1', '1511408609', '1511408609'), ('595', '1', 'index', '0', '1', '0', '0', null, null, '0', 'Mac', null, null, 'Chrome', 'default', '127.0.0.1', '1511408659', '1511408659'), ('596', '1', 'index', '0', '1', '0', '0', null, null, '0', 'Mac', null, null, 'Chrome', 'default', '127.0.0.1', '1511408700', '1511408700'), ('597', '1', 'index', '0', '1', '0', '0', null, null, '0', 'Mac', null, null, 'Chrome', 'default', '127.0.0.1', '1511408741', '1511408741'), ('598', '1', 'index', '0', '1', '0', '0', null, null, '0', 'Mac', null, null, 'Chrome', 'default', '127.0.0.1', '1511408766', '1511408766'), ('599', '1', 'index', '0', '1', '0', '0', null, null, '0', 'Mac', null, null, 'Chrome', 'default', '127.0.0.1', '1511408802', '1511408802'), ('600', '1', 'index', '0', '1', '0', '0', null, null, '0', 'Mac', null, null, 'Chrome', 'default', '127.0.0.1', '1511408821', '1511408821'), ('601', '1', 'index', '0', '1', '0', '0', null, null, '0', 'Mac', null, null, 'Chrome', 'default', '127.0.0.1', '1511408836', '1511408836'), ('602', '1', 'index', '0', '1', '0', '0', null, null, '0', 'Mac', null, null, 'Chrome', 'default', '127.0.0.1', '1511408863', '1511408863'), ('603', '1', 'index', '0', '1', '0', '0', null, null, '0', 'Mac', null, null, 'Chrome', 'default', '127.0.0.1', '1511408937', '1511408937'), ('604', '1', 'index', '0', '1', '0', '0', null, null, '0', 'Mac', null, null, 'Chrome', 'default', '127.0.0.1', '1511408943', '1511408943'), ('605', '1', 'index', '0', '1', '0', '0', null, null, '0', 'Mac', null, null, 'Chrome', 'default', '127.0.0.1', '1511408944', '1511408944'), ('606', '1', 'index', '0', '1', '0', '0', null, null, '0', 'Mac', null, null, 'Chrome', 'default', '127.0.0.1', '1511408945', '1511408945'), ('607', '1', 'index', '0', '1', '0', '0', null, null, '0', 'Mac', null, null, 'Chrome', 'default', '127.0.0.1', '1511408971', '1511408971'), ('608', '1', 'index', '0', '1', '0', '0', null, null, '0', 'Mac', null, null, 'Chrome', 'default', '127.0.0.1', '1511408971', '1511408971'), ('609', '1', 'index', '0', '1', '0', '0', null, null, '0', 'Mac', null, null, 'Chrome', 'default', '127.0.0.1', '1511409025', '1511409025'), ('610', '3', 'activity', '0', '1', '3', '0', null, null, '0', 'Mac', null, null, 'Chrome', 'default', '127.0.0.1', '1511409055', '1511409055'), ('611', '1', 'index', '0', '1', '0', '0', null, null, '0', 'Mac', null, null, 'Chrome', 'default', '127.0.0.1', '1511409754', '1511409754'), ('612', '1', 'index', '0', '1', '0', '0', null, null, '0', 'Mac', null, null, 'Chrome', 'default', '127.0.0.1', '1511409796', '1511409796'), ('613', '1', 'index', '0', '1', '0', '0', null, null, '0', 'Mac', null, null, 'Chrome', 'default', '127.0.0.1', '1511409823', '1511409823'), ('614', '1', 'index', '0', '1', '0', '0', null, null, '0', 'Mac', null, null, 'Chrome', 'default', '127.0.0.1', '1511410245', '1511410245'), ('615', '1', 'index', '0', '1', '0', '0', null, null, '0', 'Mac', null, null, 'Chrome', 'default', '127.0.0.1', '1511410337', '1511410337'), ('616', '3', 'product', '0', '1', '8', '0', null, null, '1', 'Android', null, null, 'Chrome', 'default', '127.0.0.1', '1511410494', '1511410494'), ('617', '2', 'product', '0', '1', '0', '0', null, null, '1', 'Android', null, null, 'Chrome', 'default', '127.0.0.1', '1511410686', '1511410686'), ('618', '2', 'product', '0', '1', '0', '0', null, null, '1', 'Android', null, null, 'Chrome', 'default', '127.0.0.1', '1511410956', '1511410956'), ('619', '2', 'activity', '0', '1', '0', '0', null, null, '1', 'Android', null, null, 'Chrome', 'default', '127.0.0.1', '1511410968', '1511410968'), ('620', '2', 'survey', '0', '1', '0', '0', null, null, '1', 'Android', null, null, 'Chrome', 'default', '127.0.0.1', '1511410976', '1511410976'), ('621', '2', 'article', '0', '1', '0', '0', null, null, '1', 'Android', null, null, 'Chrome', 'default', '127.0.0.1', '1511410983', '1511410983'), ('622', '3', 'article', '0', '1', '2', '0', null, null, '1', 'Android', null, null, 'Chrome', 'default', '127.0.0.1', '1511410995', '1511410995'), ('623', '2', 'product', '0', '1', '0', '0', null, null, '1', 'Android', null, null, 'Chrome', 'default', '127.0.0.1', '1511411103', '1511411103'), ('624', '2', 'activity', '0', '1', '0', '0', null, null, '1', 'Android', null, null, 'Chrome', 'default', '127.0.0.1', '1511411115', '1511411115'), ('625', '2', 'activity', '0', '1', '0', '0', null, null, '0', 'Mac', null, null, 'Chrome', 'default', '127.0.0.1', '1511411122', '1511411122'), ('626', '3', 'article', '0', '1', '2', '0', null, null, '0', 'Mac', null, null, 'Chrome', 'default', '127.0.0.1', '1511418201', '1511418201'), ('627', '1', 'index', '0', '1', '0', '0', null, null, '0', 'Mac', null, null, 'Chrome', 'default', '127.0.0.1', '1511430363', '1511430363'), ('628', '3', 'article', '0', '1', '2', '0', null, null, '0', 'Mac', null, null, 'Chrome', 'default', '127.0.0.1', '1511441058', '1511441058'), ('629', '3', 'activity', '0', '1', '6', '0', null, null, '0', 'Mac', null, null, 'Chrome', 'default', '127.0.0.1', '1511449861', '1511449861'), ('630', '3', 'activity', '0', '1', '6', '0', null, null, '0', 'Mac', null, null, 'Chrome', 'default', '127.0.0.1', '1511450157', '1511450157'), ('631', '3', 'activity', '0', '1', '6', '0', null, null, '0', 'Mac', null, null, 'Chrome', 'default', '127.0.0.1', '1511450171', '1511450171'), ('632', '3', 'activity', '0', '1', '6', '0', null, null, '0', 'Mac', null, null, 'Chrome', 'default', '127.0.0.1', '1511450206', '1511450206'), ('633', '3', 'activity', '0', '1', '5', '0', null, null, '0', 'Mac', null, null, 'Chrome', 'default', '127.0.0.1', '1511450223', '1511450223'), ('634', '1', 'index', '0', '1', '0', '0', null, null, '0', 'Mac', null, null, 'Chrome', 'default', '127.0.0.1', '1511493391', '1511493391'), ('635', '2', 'product', '0', '1', '0', '0', null, null, '0', 'Mac', null, null, 'Chrome', 'default', '127.0.0.1', '1511493400', '1511493400'), ('636', '3', 'activity', '0', '1', '5', '0', null, null, '0', 'Mac', null, null, 'Chrome', 'default', '127.0.0.1', '1511494651', '1511494651'), ('637', '3', 'activity', '0', '1', '5', '0', null, null, '0', 'Mac', null, null, 'Chrome', 'default', '127.0.0.1', '1511494848', '1511494848'), ('638', '3', 'activity', '0', '1', '5', '0', null, null, '0', 'Mac', null, null, 'Chrome', 'default', '127.0.0.1', '1511494868', '1511494868'), ('639', '3', 'activity', '0', '1', '5', '0', null, null, '0', 'Mac', null, null, 'Chrome', 'default', '127.0.0.1', '1511494996', '1511494996'), ('640', '3', 'activity', '0', '1', '5', '0', null, null, '0', 'Mac', null, null, 'Chrome', 'default', '127.0.0.1', '1511496614', '1511496614'), ('641', '3', 'activity', '0', '1', '5', '0', null, null, '0', 'Mac', null, null, 'Chrome', 'default', '127.0.0.1', '1511500590', '1511500590'), ('642', '3', 'activity', '0', '1', '5', '0', null, null, '0', 'Mac', null, null, 'Chrome', 'default', '127.0.0.1', '1511500611', '1511500611'), ('643', '3', 'activity', '0', '1', '5', '0', null, null, '0', 'Mac', null, null, 'Chrome', 'default', '127.0.0.1', '1511500634', '1511500634'), ('644', '3', 'activity', '0', '1', '5', '0', null, null, '0', 'Mac', null, null, 'Chrome', 'default', '127.0.0.1', '1511500639', '1511500639'), ('645', '3', 'activity', '0', '1', '5', '0', null, null, '0', 'Mac', null, null, 'Chrome', 'default', '127.0.0.1', '1511500661', '1511500661'), ('646', '3', 'activity', '0', '1', '5', '0', null, null, '0', 'Mac', null, null, 'Chrome', 'default', '127.0.0.1', '1511500683', '1511500683'), ('647', '3', 'activity', '0', '1', '5', '0', null, null, '0', 'Mac', null, null, 'Chrome', 'default', '127.0.0.1', '1511500881', '1511500881'), ('648', '3', 'activity', '0', '1', '5', '0', null, null, '0', 'Mac', null, null, 'Chrome', 'default', '127.0.0.1', '1511500920', '1511500920'), ('649', '3', 'activity', '0', '1', '5', '0', null, null, '0', 'Mac', null, null, 'Chrome', 'default', '127.0.0.1', '1511500984', '1511500984'), ('650', '3', 'activity', '0', '1', '5', '0', null, null, '0', 'Mac', null, null, 'Chrome', 'default', '127.0.0.1', '1511501081', '1511501081'), ('651', '3', 'survey', '0', '1', '2', '0', null, null, '0', 'Mac', null, null, 'Chrome', 'default', '127.0.0.1', '1511501096', '1511501096'), ('652', '3', 'activity', '0', '1', '5', '0', null, null, '0', 'Mac', null, null, 'Chrome', 'default', '127.0.0.1', '1511501234', '1511501234'), ('653', '3', 'activity', '0', '1', '5', '0', null, null, '0', 'Mac', null, null, 'Chrome', 'default', '127.0.0.1', '1511501365', '1511501365'), ('654', '3', 'activity', '0', '1', '5', '0', null, null, '0', 'Mac', null, null, 'Chrome', 'default', '127.0.0.1', '1511501384', '1511501384'), ('655', '3', 'activity', '0', '1', '5', '0', null, null, '0', 'Mac', null, null, 'Chrome', 'default', '127.0.0.1', '1511501402', '1511501402'), ('656', '3', 'activity', '0', '1', '5', '0', null, null, '0', 'Mac', null, null, 'Chrome', 'default', '127.0.0.1', '1511501491', '1511501491'), ('657', '3', 'survey', '0', '1', '2', '0', null, null, '0', 'Mac', null, null, 'Chrome', 'default', '127.0.0.1', '1511503330', '1511503330'), ('658', '3', 'survey', '0', '1', '2', '0', null, null, '0', 'Mac', null, null, 'Chrome', 'default', '127.0.0.1', '1511505215', '1511505215'), ('659', '3', 'activity', '0', '1', '5', '0', null, null, '0', 'Mac', null, null, 'Chrome', 'default', '127.0.0.1', '1511505218', '1511505218'), ('660', '3', 'activity', '0', '1', '5', '0', null, null, '0', 'Mac', null, null, 'Chrome', 'default', '127.0.0.1', '1511505275', '1511505275'), ('661', '3', 'activity', '0', '1', '5', '0', null, null, '0', 'Mac', null, null, 'Chrome', 'default', '127.0.0.1', '1511512139', '1511512139'), ('662', '3', 'activity', '0', '1', '5', '0', null, null, '0', 'Mac', null, null, 'Chrome', 'default', '127.0.0.1', '1511512171', '1511512171'), ('663', '3', 'activity', '0', '1', '5', '0', null, null, '0', 'Mac', null, null, 'Chrome', 'default', '127.0.0.1', '1511512212', '1511512212'), ('664', '3', 'activity', '0', '1', '5', '0', null, null, '0', 'Mac', null, null, 'Chrome', 'default', '127.0.0.1', '1511512258', '1511512258'), ('665', '3', 'activity', '0', '1', '5', '0', null, null, '0', 'Mac', null, null, 'Chrome', 'default', '127.0.0.1', '1511512339', '1511512339'), ('666', '3', 'activity', '0', '1', '5', '0', null, null, '0', 'Mac', null, null, 'Chrome', 'default', '127.0.0.1', '1511512357', '1511512357'), ('667', '3', 'activity', '0', '1', '5', '0', null, null, '0', 'Mac', null, null, 'Chrome', 'default', '127.0.0.1', '1511513200', '1511513200'), ('668', '3', 'activity', '0', '1', '5', '0', null, null, '0', 'Mac', null, null, 'Chrome', 'default', '127.0.0.1', '1511513241', '1511513241'), ('669', '3', 'activity', '0', '1', '5', '0', null, null, '0', 'Mac', null, null, 'Chrome', 'default', '127.0.0.1', '1511513637', '1511513637'), ('670', '3', 'activity', '0', '1', '5', '0', null, null, '0', 'Mac', null, null, 'Chrome', 'default', '127.0.0.1', '1511513650', '1511513650'), ('671', '3', 'activity', '0', '1', '4', '0', null, null, '0', 'Mac', null, null, 'Chrome', 'default', '127.0.0.1', '1511513731', '1511513731'), ('672', '3', 'activity', '0', '1', '4', '0', null, null, '0', 'Mac', null, null, 'Chrome', 'default', '127.0.0.1', '1511513745', '1511513745'), ('673', '3', 'activity', '0', '1', '5', '0', null, null, '0', 'Mac', null, null, 'Chrome', 'default', '127.0.0.1', '1511513777', '1511513777'), ('674', '3', 'activity', '0', '1', '5', '0', null, null, '0', 'Mac', null, null, 'Chrome', 'default', '127.0.0.1', '1511513807', '1511513807'), ('675', '3', 'activity', '0', '1', '5', '0', null, null, '0', 'Mac', null, null, 'Chrome', 'default', '127.0.0.1', '1511513858', '1511513858'), ('676', '3', 'activity', '0', '1', '5', '0', null, null, '0', 'Mac', null, null, 'Chrome', 'default', '127.0.0.1', '1511513888', '1511513888'), ('677', '3', 'activity', '0', '1', '5', '0', null, null, '0', 'Mac', null, null, 'Chrome', 'default', '127.0.0.1', '1511513903', '1511513903'), ('678', '3', 'activity', '0', '1', '5', '0', null, null, '0', 'Mac', null, null, 'Chrome', 'default', '127.0.0.1', '1511513999', '1511513999'), ('679', '3', 'activity', '0', '1', '4', '0', null, null, '0', 'Mac', null, null, 'Chrome', 'default', '127.0.0.1', '1511514002', '1511514002'), ('680', '3', 'activity', '0', '1', '4', '0', null, null, '0', 'Mac', null, null, 'Chrome', 'default', '127.0.0.1', '1511514023', '1511514023'), ('681', '3', 'activity', '0', '1', '4', '0', null, null, '0', 'Mac', null, null, 'Chrome', 'default', '127.0.0.1', '1511514050', '1511514050'), ('682', '3', 'activity', '0', '1', '4', '0', null, null, '0', 'Mac', null, null, 'Chrome', 'default', '127.0.0.1', '1511514143', '1511514143'), ('683', '3', 'activity', '0', '1', '4', '0', null, null, '0', 'Mac', null, null, 'Chrome', 'default', '127.0.0.1', '1511514191', '1511514191'), ('684', '3', 'activity', '0', '1', '5', '0', null, null, '0', 'Mac', null, null, 'Chrome', 'default', '127.0.0.1', '1511514373', '1511514373'), ('685', '3', 'activity', '0', '1', '4', '0', null, null, '0', 'Mac', null, null, 'Chrome', 'default', '127.0.0.1', '1511518474', '1511518474'), ('686', '3', 'activity', '0', '1', '5', '0', null, null, '0', 'Mac', null, null, 'Chrome', 'default', '127.0.0.1', '1511518490', '1511518490'), ('687', '3', 'activity', '0', '1', '5', '0', null, null, '0', 'Mac', null, null, 'Chrome', 'default', '127.0.0.1', '1511518515', '1511518515'), ('688', '3', 'activity', '0', '1', '5', '0', null, null, '0', 'Mac', null, null, 'Chrome', 'default', '127.0.0.1', '1511518665', '1511518665'), ('689', '3', 'activity', '0', '1', '5', '0', null, null, '0', 'Mac', null, null, 'Chrome', 'default', '127.0.0.1', '1511518758', '1511518758'), ('690', '3', 'activity', '0', '1', '5', '0', null, null, '0', 'Mac', null, null, 'Chrome', 'default', '127.0.0.1', '1511518867', '1511518867'), ('691', '3', 'activity', '0', '1', '4', '0', null, null, '0', 'Mac', null, null, 'Chrome', 'default', '127.0.0.1', '1511518946', '1511518946'), ('692', '1', 'index', '0', '1', '0', '0', null, null, '0', 'Mac', null, null, 'Chrome', 'default', '127.0.0.1', '1511612831', '1511612831'), ('693', '1', 'index', '0', '1', '0', '0', null, null, '0', 'Mac', null, null, 'Chrome', 'default', '127.0.0.1', '1511612836', '1511612836'), ('694', '3', 'activity', '0', '1', '7', '0', null, null, '0', 'Mac', null, null, 'Chrome', 'default', '127.0.0.1', '1511618756', '1511618756'), ('695', '3', 'activity', '0', '1', '7', '0', null, null, '0', 'Mac', null, null, 'Chrome', 'default', '127.0.0.1', '1511619363', '1511619363'), ('696', '3', 'activity', '0', '1', '7', '0', null, null, '0', 'Mac', null, null, 'Chrome', 'default', '127.0.0.1', '1511619491', '1511619491'), ('697', '3', 'activity', '0', '1', '7', '0', null, null, '0', 'Mac', null, null, 'Chrome', 'default', '127.0.0.1', '1511619515', '1511619515'), ('698', '3', 'activity', '0', '1', '7', '0', null, null, '0', 'Mac', null, null, 'Chrome', 'default', '127.0.0.1', '1511619553', '1511619553'), ('699', '3', 'activity', '0', '1', '7', '0', null, null, '0', 'Mac', null, null, 'Chrome', 'default', '127.0.0.1', '1511619622', '1511619622'), ('700', '3', 'activity', '0', '1', '7', '0', null, null, '0', 'Mac', null, null, 'Chrome', 'default', '127.0.0.1', '1511619738', '1511619738'), ('701', '3', 'activity', '0', '1', '7', '0', null, null, '0', 'Mac', null, null, 'Chrome', 'default', '127.0.0.1', '1511619967', '1511619967'), ('702', '3', 'activity', '0', '1', '7', '0', null, null, '0', 'Mac', null, null, 'Chrome', 'default', '127.0.0.1', '1511620007', '1511620007'), ('703', '3', 'activity', '0', '1', '7', '0', null, null, '0', 'Mac', null, null, 'Chrome', 'default', '127.0.0.1', '1511620031', '1511620031'), ('704', '3', 'activity', '0', '1', '7', '0', null, null, '0', 'Mac', null, null, 'Chrome', 'default', '127.0.0.1', '1511620055', '1511620055'), ('705', '3', 'activity', '0', '1', '7', '0', null, null, '0', 'Mac', null, null, 'Chrome', 'default', '127.0.0.1', '1511620368', '1511620368'), ('706', '3', 'activity', '0', '1', '7', '0', null, null, '0', 'Mac', null, null, 'Chrome', 'default', '127.0.0.1', '1511620402', '1511620402'), ('707', '3', 'activity', '0', '1', '7', '0', null, null, '0', 'Mac', null, null, 'Chrome', 'default', '127.0.0.1', '1511620445', '1511620445'), ('708', '3', 'activity', '0', '1', '7', '0', null, null, '0', 'Mac', null, null, 'Chrome', 'default', '127.0.0.1', '1511620480', '1511620480'), ('709', '3', 'activity', '0', '1', '7', '0', null, null, '0', 'Mac', null, null, 'Chrome', 'default', '127.0.0.1', '1511620523', '1511620523'), ('710', '3', 'activity', '0', '1', '7', '0', null, null, '0', 'Mac', null, null, 'Chrome', 'default', '127.0.0.1', '1511620577', '1511620577'), ('711', '3', 'activity', '0', '1', '7', '0', null, null, '0', 'Mac', null, null, 'Chrome', 'default', '127.0.0.1', '1511620757', '1511620757'), ('712', '3', 'activity', '0', '1', '7', '0', null, null, '0', 'Mac', null, null, 'Chrome', 'default', '127.0.0.1', '1511620791', '1511620791'), ('713', '3', 'activity', '0', '1', '7', '0', null, null, '0', 'Mac', null, null, 'Chrome', 'default', '127.0.0.1', '1511620858', '1511620858'), ('714', '3', 'activity', '0', '1', '7', '0', null, null, '0', 'Mac', null, null, 'Chrome', 'default', '127.0.0.1', '1511620900', '1511620900'), ('715', '3', 'activity', '0', '1', '7', '0', null, null, '0', 'Mac', null, null, 'Chrome', 'default', '127.0.0.1', '1511620937', '1511620937'), ('716', '3', 'activity', '0', '1', '7', '0', null, null, '0', 'Mac', null, null, 'Chrome', 'default', '127.0.0.1', '1511624945', '1511624945'), ('717', '3', 'activity', '0', '1', '7', '0', null, null, '0', 'Mac', null, null, 'Chrome', 'default', '127.0.0.1', '1511625398', '1511625398'), ('718', '3', 'activity', '0', '1', '7', '0', null, null, '0', 'Mac', null, null, 'Chrome', 'default', '127.0.0.1', '1511625611', '1511625611'), ('719', '3', 'activity', '0', '1', '7', '0', null, null, '0', 'Mac', null, null, 'Chrome', 'default', '127.0.0.1', '1511627175', '1511627175'), ('720', '3', 'activity', '0', '1', '7', '0', null, null, '0', 'Mac', null, null, 'Chrome', 'default', '127.0.0.1', '1511627317', '1511627317'), ('721', '3', 'activity', '0', '1', '7', '0', null, null, '0', 'Mac', null, null, 'Chrome', 'default', '127.0.0.1', '1511627860', '1511627860'), ('722', '3', 'activity', '0', '1', '7', '0', null, null, '0', 'Mac', null, null, 'Chrome', 'default', '127.0.0.1', '1511627994', '1511627994'), ('723', '3', 'activity', '0', '1', '7', '0', null, null, '0', 'Mac', null, null, 'Chrome', 'default', '127.0.0.1', '1511628993', '1511628993'), ('724', '3', 'activity', '0', '1', '7', '0', null, null, '0', 'Mac', null, null, 'Chrome', 'default', '127.0.0.1', '1511629001', '1511629001'), ('725', '3', 'activity', '0', '1', '7', '0', null, null, '0', 'Mac', null, null, 'Chrome', 'default', '127.0.0.1', '1511629007', '1511629007'), ('726', '3', 'activity', '0', '1', '7', '0', null, null, '0', 'Mac', null, null, 'Chrome', 'default', '127.0.0.1', '1511629028', '1511629028'), ('727', '3', 'activity', '0', '1', '7', '0', null, null, '0', 'Mac', null, null, 'Chrome', 'default', '127.0.0.1', '1511629368', '1511629368'), ('728', '3', 'activity', '0', '1', '7', '0', null, null, '0', 'Mac', null, null, 'Chrome', 'default', '127.0.0.1', '1511629393', '1511629393'), ('729', '3', 'activity', '0', '1', '7', '0', null, null, '0', 'Mac', null, null, 'Chrome', 'default', '127.0.0.1', '1511663287', '1511663287'), ('730', '3', 'activity', '0', '1', '7', '0', null, null, '0', 'Mac', null, null, 'Chrome', 'default', '127.0.0.1', '1511663297', '1511663297'), ('731', '3', 'activity', '0', '1', '7', '0', null, null, '0', 'Mac', null, null, 'Chrome', 'default', '127.0.0.1', '1511663486', '1511663486'), ('732', '3', 'activity', '0', '1', '7', '0', null, null, '0', 'Mac', null, null, 'Chrome', 'default', '127.0.0.1', '1511663575', '1511663575'), ('733', '3', 'activity', '0', '1', '7', '0', null, null, '0', 'Mac', null, null, 'Chrome', 'default', '127.0.0.1', '1511663586', '1511663586'), ('734', '3', 'activity', '0', '1', '7', '0', null, null, '0', 'Mac', null, null, 'Chrome', 'default', '127.0.0.1', '1511663685', '1511663685'), ('735', '3', 'activity', '0', '1', '7', '0', null, null, '0', 'Mac', null, null, 'Chrome', 'default', '127.0.0.1', '1511663714', '1511663714'), ('736', '1', 'index', '0', '1', '0', '0', null, null, '0', 'Mac', null, null, 'Chrome', 'default', '127.0.0.1', '1511663910', '1511663910'), ('737', '3', 'activity', '0', '1', '7', '0', null, null, '0', 'Mac', null, null, 'Chrome', 'default', '127.0.0.1', '1511663919', '1511663919'), ('738', '3', 'activity', '0', '1', '7', '0', null, null, '0', 'Mac', null, null, 'Chrome', 'default', '127.0.0.1', '1511663951', '1511663951'), ('739', '3', 'activity', '0', '1', '7', '0', null, null, '0', 'Mac', null, null, 'Chrome', 'default', '127.0.0.1', '1511664062', '1511664062'), ('740', '3', 'activity', '0', '1', '7', '0', null, null, '0', 'Mac', null, null, 'Chrome', 'default', '127.0.0.1', '1511664427', '1511664427'), ('741', '3', 'activity', '0', '1', '7', '0', null, null, '0', 'Mac', null, null, 'Chrome', 'default', '127.0.0.1', '1511664471', '1511664471'), ('742', '3', 'activity', '0', '1', '7', '0', null, null, '0', 'Mac', null, null, 'Chrome', 'default', '127.0.0.1', '1511673179', '1511673179'), ('743', '3', 'activity', '0', '1', '7', '0', null, null, '0', 'Mac', null, null, 'Chrome', 'default', '127.0.0.1', '1511673467', '1511673467'), ('744', '1', 'index', '0', '1', '0', '0', null, null, '0', 'Mac', null, null, 'Chrome', 'default', '127.0.0.1', '1511871896', '1511871896');
COMMIT;

-- ----------------------------
--  Table structure for `sign`
-- ----------------------------
DROP TABLE IF EXISTS `sign`;
CREATE TABLE `sign` (
  `id` int(11) NOT NULL AUTO_INCREMENT,
  `type` tinyint(4) NOT NULL DEFAULT '0' COMMENT '0. 非注册用户 1.注册用户',
  `activity_id` int(11) NOT NULL DEFAULT '0' COMMENT '活动id',
  `user_id` int(11) NOT NULL DEFAULT '0' COMMENT '注册用户id',
  `name` varchar(32) DEFAULT NULL COMMENT '报名姓名',
  `mobile` varchar(11) DEFAULT NULL COMMENT '非注册用户 手机',
  `created_at` int(11) DEFAULT NULL,
  `updated_at` int(11) DEFAULT NULL,
  PRIMARY KEY (`id`)
) ENGINE=InnoDB AUTO_INCREMENT=4 DEFAULT CHARSET=utf8 ROW_FORMAT=COMPACT COMMENT='活动报名表';

-- ----------------------------
--  Records of `sign`
-- ----------------------------
BEGIN;
INSERT INTO `sign` VALUES ('1', '1', '7', '0', '张三', '12345678909', '1511629889', '1511629889'), ('2', '1', '7', '0', '李四', '123456', '1511629993', '1511629993'), ('3', '1', '7', '0', '王五', '1580008888', '1511671146', '1511671146');
COMMIT;

-- ----------------------------
--  Table structure for `slide`
-- ----------------------------
DROP TABLE IF EXISTS `slide`;
CREATE TABLE `slide` (
  `id` int(11) NOT NULL AUTO_INCREMENT,
  `type` tinyint(4) NOT NULL DEFAULT '0' COMMENT '类型',
  `org_id` int(11) NOT NULL DEFAULT '0' COMMENT '所属机构',
  `admin_id` int(11) NOT NULL DEFAULT '0' COMMENT '管理员',
  `active` tinyint(4) NOT NULL DEFAULT '0' COMMENT '状态 0.未启用 1.启用 9. 禁用',
  `name` varchar(255) DEFAULT NULL,
  `title` varchar(255) DEFAULT NULL COMMENT '标题',
  `description` varchar(255) DEFAULT NULL COMMENT '说明',
  `content` text COMMENT '内容',
  `cover_pic` varchar(255) DEFAULT NULL COMMENT '封面图片',
  `visit_num` int(11) NOT NULL DEFAULT '0',
  `created_at` int(11) DEFAULT NULL,
  `updated_at` int(11) DEFAULT NULL,
  PRIMARY KEY (`id`)
) ENGINE=InnoDB AUTO_INCREMENT=25 DEFAULT CHARSET=utf8 COMMENT='幻灯片表';

-- ----------------------------
--  Records of `slide`
-- ----------------------------
BEGIN;
INSERT INTO `slide` VALUES ('16', '0', '1', '1', '0', '幻灯片16', '幻灯片16的标题', '说明16', '<p>内容16</p><p>1</p><p>2</p><p>3</p><p>4</p><p>5</p><p>6</p><p>7</p>', null, '1', '1505664625', '1510135908'), ('17', '1', '1', '1', '0', '幻灯片测试', '测试幻灯片17的标题', '说明17', '<p>内容17</p><p>1</p><p>2</p><p>3</p><p>4</p><p>5</p><p>6</p>', null, '12', '1505664705', '1510246589'), ('18', '0', '1', '1', '1', '幻灯片18', '幻灯片18的标题', '说明18', '<p>内容18</p><p>1</p><p>2</p><p>3</p><p>4</p><p>5</p><p>6</p>', null, '1', '1505998982', '1510135888'), ('23', '0', '2', '0', '0', '幻灯片1', '幻灯片1', '描述1', '<p>幻灯片1详情</p><p>1</p><p>2</p><p>3</p><p>4</p><p>5</p><p>6</p>', null, '0', '1506340279', '1508390917'), ('24', '0', '1', '1', '0', '1', '1', '1', '<p>1</p>', 'org/1/unique/slides/cover_slide_170007b7.jpg', '0', '1512188522', '1512188541');
COMMIT;

-- ----------------------------
--  Table structure for `softorg`
-- ----------------------------
DROP TABLE IF EXISTS `softorg`;
CREATE TABLE `softorg` (
  `id` int(11) NOT NULL AUTO_INCREMENT,
  `type` tinyint(4) NOT NULL DEFAULT '0' COMMENT '类型',
  `website_name` varchar(64) NOT NULL DEFAULT '' COMMENT '企业网站域名地址名称',
  `name` varchar(255) DEFAULT NULL COMMENT '企业名称',
  `short` varchar(255) DEFAULT NULL COMMENT '企业简称',
  `description` varchar(255) DEFAULT NULL COMMENT '企业描述',
  `slogan` varchar(255) DEFAULT NULL COMMENT '企业标语',
  `logo` varchar(255) DEFAULT NULL COMMENT '业企logo图片url',
  `telephone` varchar(32) DEFAULT NULL COMMENT '企业电话（座机）',
  `mobile` varchar(11) DEFAULT NULL COMMENT '手机',
  `email` varchar(64) DEFAULT NULL COMMENT '业企邮箱',
  `qq` varchar(16) DEFAULT NULL COMMENT '企业QQ',
  `wechat` varchar(64) DEFAULT NULL COMMENT '企业微信',
  `title` varchar(255) DEFAULT NULL,
  `visit_num` int(11) NOT NULL DEFAULT '0',
  `created_at` int(11) DEFAULT NULL COMMENT '创建时间',
  `updated_at` int(11) DEFAULT NULL COMMENT '更新时间',
  PRIMARY KEY (`id`),
  UNIQUE KEY `website_name` (`website_name`)
) ENGINE=InnoDB AUTO_INCREMENT=1011 DEFAULT CHARSET=utf8 COMMENT='企业表';

-- ----------------------------
--  Records of `softorg`
-- ----------------------------
BEGIN;
INSERT INTO `softorg` VALUES ('1', '1', 'lotus', '莲花树互联网科技有限公司', '莲花树', '这是一家创造未来de企业', '让企业更出众', 'org/1/common/logo/22e0ea5eb01ce043c08437db0f132439.jpg', '021-88886668', '15800689433', 'admin@softorg.cn', '123456789', 'qing_qiye', null, '395', null, '1512141918'), ('2', '1', 'qingbo', '轻博吧', '轻博吧', '说你想说的话', '轻轻的我来了', null, '021-88668866', null, 'longyun-cui@163.com', '1234567890', 'qingbo8', null, '0', null, '1508391609'), ('1001', '0', 'softsocial', '轻社交', '轻社交', null, null, null, null, null, null, null, null, null, '0', null, null), ('1010', '0', 'sinsung', '上海信圣投资咨询有限公司', '上海信圣', null, null, null, null, null, null, null, null, null, '0', null, null);
COMMIT;

-- ----------------------------
--  Table structure for `survey`
-- ----------------------------
DROP TABLE IF EXISTS `survey`;
CREATE TABLE `survey` (
  `id` int(11) NOT NULL AUTO_INCREMENT,
  `type` tinyint(4) NOT NULL DEFAULT '0' COMMENT '类型',
  `org_id` int(11) NOT NULL DEFAULT '0' COMMENT '所属机构',
  `admin_id` int(11) NOT NULL DEFAULT '0' COMMENT '管理员',
  `active` tinyint(4) NOT NULL DEFAULT '0' COMMENT '状态 0.未启用 1.启用 9. 禁用',
  `name` varchar(255) DEFAULT NULL,
  `title` varchar(255) DEFAULT NULL,
  `description` varchar(255) DEFAULT NULL,
  `content` text,
  `cover_pic` varchar(255) DEFAULT NULL COMMENT '封面图片',
  `answer_num` int(11) NOT NULL DEFAULT '0',
  `visit_num` int(11) NOT NULL DEFAULT '0',
  `created_at` int(11) DEFAULT NULL,
  `updated_at` int(11) DEFAULT NULL,
  PRIMARY KEY (`id`)
) ENGINE=InnoDB AUTO_INCREMENT=8 DEFAULT CHARSET=utf8 COMMENT='调研表';

-- ----------------------------
--  Records of `survey`
-- ----------------------------
BEGIN;
INSERT INTO `survey` VALUES ('1', '0', '1', '1', '0', '调研问卷1', '问卷1', '描述1', '内容1', null, '0', '2', '1506173760', '1510135949'), ('2', '0', '1', '1', '9', '问卷测试', '这是一个问卷测试', '描述2', '<p>内容2</p>', null, '7', '38', '1506175708', '1511505215'), ('3', '0', '2', '2', '0', '问卷1', '标题1', '描述1', null, null, '0', '0', '1506335012', '1508390930'), ('4', '0', '1', '1', '0', '问卷3 - 问卷测试', '问卷测试', '描述3', null, null, '0', '0', '1507746192', '1508687928'), ('7', '0', '1', '1', '0', '123', '123', '123', '<p>123</p><p>123</p><p>123</p>', null, '0', '0', '1512396021', '1512396021');
COMMIT;

-- ----------------------------
--  Table structure for `user`
-- ----------------------------
DROP TABLE IF EXISTS `user`;
CREATE TABLE `user` (
  `id` int(11) NOT NULL AUTO_INCREMENT,
  `type` tinyint(4) NOT NULL DEFAULT '0',
  `name` varchar(255) NOT NULL,
  `mobile` varchar(11) DEFAULT NULL,
  `email` varchar(255) NOT NULL,
  `password` varchar(255) NOT NULL,
  `nickname` varchar(64) DEFAULT NULL,
  `truename` varchar(64) DEFAULT NULL,
  `created_at` int(11) DEFAULT NULL,
  `updated_at` int(11) DEFAULT NULL,
  `remember_token` varchar(100) DEFAULT NULL,
  PRIMARY KEY (`id`)
) ENGINE=InnoDB DEFAULT CHARSET=utf8 ROW_FORMAT=COMPACT COMMENT='用户表';

-- ----------------------------
--  Table structure for `user_ext`
-- ----------------------------
DROP TABLE IF EXISTS `user_ext`;
CREATE TABLE `user_ext` (
  `id` int(11) NOT NULL AUTO_INCREMENT,
  `user_id` int(11) NOT NULL DEFAULT '0',
  `name` varchar(255) DEFAULT NULL,
  `created_at` int(11) DEFAULT NULL,
  `updated_at` int(11) DEFAULT NULL,
  PRIMARY KEY (`id`)
) ENGINE=MyISAM AUTO_INCREMENT=4 DEFAULT CHARSET=utf8;

-- ----------------------------
--  Records of `user_ext`
-- ----------------------------
BEGIN;
INSERT INTO `user_ext` VALUES ('1', '1', 'longyun.cui', null, null), ('2', '2', 'longyun.c', '1506327015', '1506327015'), ('3', '3', 'longyun', '1506327309', '1506327309');
COMMIT;

-- ----------------------------
--  Table structure for `users`
-- ----------------------------
DROP TABLE IF EXISTS `users`;
CREATE TABLE `users` (
  `id` int(10) unsigned NOT NULL AUTO_INCREMENT,
  `name` varchar(255) NOT NULL,
  `mobile` varchar(11) DEFAULT NULL,
  `email` varchar(255) NOT NULL,
  `password` varchar(255) NOT NULL,
  `nickname` varchar(64) DEFAULT NULL,
  `truename` varchar(64) DEFAULT NULL,
  `remember_token` varchar(100) DEFAULT NULL,
  `created_at` int(11) DEFAULT NULL,
  `updated_at` int(11) DEFAULT NULL,
  PRIMARY KEY (`id`),
  UNIQUE KEY `users_email_unique` (`email`)
) ENGINE=MyISAM AUTO_INCREMENT=4 DEFAULT CHARSET=utf8 COMMENT='用户表';

-- ----------------------------
--  Records of `users`
-- ----------------------------
BEGIN;
INSERT INTO `users` VALUES ('1', 'longyun.cui', null, 'longyun.cui88@gmail.com', '$2y$10$Aqu.dd890ZVA0CasV1Zk0OmWjlyqhFVg3pE1jc5XxMLskq2EIIEM2', null, null, 'MWDj7UIjf5lDytqHKL4yBS8fTkLL12HqKqwCzQ7pcTKtF3xEHRVuIhuYcSQ7', null, null), ('2', 'longyun.c', null, 'longyun-cui@163.com', '$2y$10$y8vfB.L2kL..LjnB1ZpDpezEykyjKjAhG8zFF9PseET0D1nPJ2pk2', null, null, 't7F8kaxmhu8ITqUEYn7KgJRfha0IROYJmK8a3mhCHNvAhoniHdKQJrvVUElR', '1506327015', '1506327015'), ('3', 'longyun', null, 'longyun-cui@qq.com', '$2y$10$jWmmOxjfWj3wHLzm3iGZDOreJLl.QdDRrjA8sEM6jltCx.DVroAVK', null, null, null, '1506327309', '1506327309');
COMMIT;

-- ----------------------------
--  Table structure for `website`
-- ----------------------------
DROP TABLE IF EXISTS `website`;
CREATE TABLE `website` (
  `id` int(11) NOT NULL AUTO_INCREMENT,
  `type` tinyint(4) NOT NULL DEFAULT '0',
  `org_id` int(11) NOT NULL DEFAULT '0' COMMENT '所属机构',
  `created_at` int(11) DEFAULT NULL,
  `updated_at` int(11) DEFAULT NULL,
  PRIMARY KEY (`id`)
) ENGINE=MyISAM DEFAULT CHARSET=utf8;

SET FOREIGN_KEY_CHECKS = 1;
